Station Name,Latitude,Longitude,Number of Bikes,Station ID,Number of Restaurants,Number of Rentals,Average Restaurant Rating,Average Rental Rating
Orient Heights T Stop - Bennington St at Saratoga St,42.386781,-71.006098,19,553ed0300d38108b4f21a6bafa3db70c,39,5,4.090909090909091,2.0
Maverick Square - Lewis Mall,42.36884408289836,-71.03977829217911,33,93542dcbf21f5411569adb92cd7cc199,60,16,4.035714285714286,2.03125
East Boston Neighborhood Health Center - 20 Maverick Square,42.369536,-71.039431,16,d9c7ef5dbda4ed944d1bf51fe540acb6,60,16,4.035714285714286,2.03125
Bennington St at Byron St,42.383532520117896,-71.01619094610214,15,0568389e659e679fbe29a5ac12cd49c0,52,7,4.1923076923076925,2.2857142857142856
Boston East - 126 Border St,42.373312125824704,-71.0410200806291,15,47b79abc28a54d0e4689b1096ceb8466,60,9,4.033333333333333,2.0555555555555554
Green Street T Stop - Green St at Amory St,42.310579,-71.107341,23,68fc84a359655b54175ddc443e79003b,57,2,4.125,2.0
Jackson Square T Stop,42.32293117195949,-71.10014140605927,18,24e99d91d84351d3e224e3d7ef2c7799,47,5,4.2,2.0
Dana Park,42.36178043960605,-71.10809952020645,19,3831590999fc4a7f52d08952a6bd045d,62,11,4.105263157894737,2.272727272727273
Newmarket Square T Stop - Massachusetts Ave at Newmarket Square,42.326599,-71.066498,15,af050e8bab271eeebf49b5407a09d415,55,8,3.6538461538461537,2.0
Cambridge Dept. of Public Works -147 Hampshire St.,42.37119727759414,-71.09759867191315,19,1b7f50a75403e1f818b0b1dd81c09e9f,57,12,4.21875,2.25
South End Library - Tremont St at W Newton St,42.341332,-71.076847,15,a45aabe9b54b087818818dc78372bc43,62,18,4.25,2.0277777777777777
Roxbury Crossing T Stop - Columbus Ave at Tremont St,42.331184,-71.095171,23,045fd5ea449046d51d40934e65b46bb5,56,5,3.8846153846153846,2.0
Prudential Center - 101 Huntington Ave,42.34652003998412,-71.08065776545118,18,8352a85030ab275739832c0680e2c5c3,62,18,4.194444444444445,2.0277777777777777
South Station - 700 Atlantic Ave,42.352175,-71.055547,46,68dd25824f76cc3063f5120e674bfed9,64,17,4.09375,2.0588235294117645
Boston City Hall - 28 State St,42.35892,-71.057629,24,fe8d0aa13fd9937b7d09e4e26d5f0a8d,65,21,4.184210526315789,2.119047619047619
Wentworth Institute of Technology - Huntington Ave at Vancouver St,42.33758601097239,-71.09627097845076,13,3dc7433790fc03a6749498c3208a4e96,65,6,4.066666666666666,2.0
W Broadway at D St,42.3391085,-71.0514432,23,be6410ffefa71e9a6282fa1fdef1bf72,51,6,4.147058823529412,2.0
Commonwealth Ave at Chiswick Rd,42.34024644768889,-71.15168806174552,19,53b2eab86dedf34fc5076b83c40babca,52,9,4.0,2.111111111111111
Harvard St at Greene-Rose Heritage Park,42.36599432867437,-71.09522221614498,19,28ad0b0c32fada5379e37894bc8270e1,58,11,4.088235294117647,2.272727272727273
Cleveland Circle,42.335543083570826,-71.15061519672052,15,3c7100a8b2604b5a2b3f97410d1c1c5e,38,5,3.9411764705882355,2.0
Blue Hill Ave at Almont St,42.27462067181224,-71.09372552493369,19,226a8b1a11e307e5ccd9f4eed3798783,35,2,3.375,2.0
Tremont St at E Berkeley St,42.345392,-71.069616,19,923c9498bf653bce81b9f5bf06f9c499,62,17,4.184210526315789,2.176470588235294
Boylston St at Jersey St,42.34465062887831,-71.09732501226972,14,7115914b22cf3889b39e0dc9621427dc,62,7,3.9705882352941178,2.0
Union Square - Brighton Ave at Cambridge St,42.353334,-71.137313,19,1c69a2302d6c2221cd6057a3f97fc548,62,15,4.176470588235294,1.9666666666666666
The Lawn on D,42.344792,-71.044024,18,f0683fe3086af95afeae07cc0357fd52,58,7,4.09375,2.0714285714285716
Talbot Ave At Blue Hill Ave,42.2945833,-71.087111,15,27bc407874cd3b5d121b1b20f2df0051,28,1,3.0,2.0
Washington St at Talbot Ave,42.290333,-71.071806,17,b4041d018c21afc75adbc34efc6f2a2a,46,3,3.8,2.0
South Boston Library - 646 E Broadway,42.335741,-71.03877,15,8414286d3232109891e1a2dfe396a59e,56,3,3.96875,2.0
75 Binney St,42.36550728505653,-71.0801375997653,19,23249e795e83303adf47122b47d8b862,59,9,3.9642857142857144,2.0
Huntington Ave at Mass Art,42.336585554561154,-71.0988699646623,15,336a4a6f3be821f7e5a679aa4d3ae5cc,64,5,4.066666666666666,2.0
Curtis Hall - South St at Centre St,42.309054,-71.11543,15,de412fd4ed57348bf9ec6bd7339b04f6,59,2,4.083333333333333,2.0
Hyde Square - Barbara St at Centre St,42.32176525723952,-71.10984160567114,15,f98ba2c9b1fb1563296760c08521dfcb,49,4,4.0,2.0
Egleston Square - Atherton St at Washington St,42.315692,-71.098634,15,f5577b56bb543db5cb15ae25621fe732,51,4,4.181818181818182,2.0
Linear Park - Mass. Ave. at Cameron Ave. ,42.397828,-71.130516,19,6cf4bfc8093794c40451d865b74e695e,64,7,4.157894736842105,1.8571428571428572
Harrison Ave at Bennet St,42.34942609892521,-71.06209959843909,19,97e53011eccfddda7151347c1d702a99,64,16,4.055555555555555,2.09375
Chinatown Gate Plaza,42.351356,-71.059367,19,2e4406867a3574184b0d6be7ede11d38,67,18,4.0588235294117645,2.138888888888889
Mugar Way at Beacon St,42.35553628489709,-71.07286870479584,19,15656b7dfce074becc9fe4f45a2a18db,56,15,4.078947368421052,2.1
Tremont St at West St,42.354979,-71.063348,15,0670eb9d5937bfea133bd73ff534c764,64,22,4.088235294117647,2.0681818181818183
Washington St at Lenox St,42.3350989929096,-71.07903778553009,15,9f87f7c7336c31701521ddc50d39be0a,63,7,4.125,2.0
Tremont St at W. Dedham St,42.34254913737952,-71.07421449387857,15,6ebcb005743f9a537feaa9b4e569e8a3,64,19,4.2368421052631575,2.1578947368421053
191 Beacon St,42.38032335045416,-71.10878612855231,19,b13ff60a280fd937eb5e724a433cda9c,63,7,4.25,2.142857142857143
Dartmouth St at Newbury St,42.35096144421219,-71.07782810926437,17,732b2c4db39060e57c324556b6661ffd,60,18,4.131578947368421,2.111111111111111
Tremont St at Hamilton Pl,42.35668334969929,-71.06166645884514,19,ef314e9d54eaa29a3abdd17b2915765d,67,23,4.147058823529412,2.108695652173913
Perry Park,42.37927324600841,-71.10341902831351,19,defc876c78bb8fcc22934d1a49e6992a,60,7,4.323529411764706,2.142857142857143
Honan Library,42.36027370454934,-71.12852452327388,15,42d9b34dcbd877dfa9d702d0e0adedba,60,12,4.21875,1.9583333333333333
NCAAA - Walnut Ave at Crawford St,42.316902,-71.091946,15,e1eb05d342c7993b9628a687211b04ea,37,4,3.9,2.0
84 Cambridgepark Dr,42.3936,-71.143941,27,53955e5aa599eabd42cfd5b338a1c85d,32,4,3.3333333333333335,2.0
Ames St at Broadway,42.3636929,-71.0875672,18,4cb75fa70b40661ab02c9c9f8fae60bc,58,8,4.0588235294117645,2.0
MIT Vassar St,42.35560121327927,-71.10394477844238,53,943a5046e94d9462496182d9e38da371,58,6,4.125,2.0
Broadway St at Mt Pleasant St,42.38614141163957,-71.07828140258789,19,7834292992b37578067b345232346bad,55,3,4.03125,2.0
MLK Blvd at Washington St,42.32143814183195,-71.09126061201096,15,3ef6b015b6284b4731db6b9e02a3d1cb,36,6,4.0,2.0
MIT Pacific St at Purrington St,42.35957320109044,-71.10129475593567,19,0e29fe31b281f3b6ca6f7c06c8eb7aa4,59,7,4.0,2.4285714285714284
Brookline Town Hall,42.33376472623494,-71.12046446660315,15,171d66dfe7c34a2348eb9514d653fb1a,56,7,4.0625,2.0
Purchase St at Pearl St,42.354659,-71.053181,19,4d51f6d4dc4b79326311d888ba73a86d,61,18,4.0588235294117645,2.0277777777777777
Porter Square Station,42.387995,-71.119084,19,272d2ed6d42ae8921f98b33d030519b6,62,9,4.222222222222222,2.111111111111111
Binney St / Sixth St,42.36608797388682,-71.08633603909765,19,608850557a2775d6ba499dbd1c765810,58,9,4.0625,2.0
Harvard Law School at Mass Ave / Jarvis St,42.379011,-71.119945,19,d0d13765d45b5bdf356acd9b859b7b99,61,11,4.088235294117647,2.0454545454545454
Packard Ave at Powderhouse Blvd,42.40449,-71.123413,15,f011b03ae269733cd81eb2058feeafe6,58,5,4.107142857142857,1.8
Harvard University Gund Hall at Quincy St / Kirkland St,42.376369,-71.114025,15,c3a13f2adb7762587acf15eec38bd91f,65,13,4.0625,2.0384615384615383
Bowdoin St at Quincy St,42.30785224238503,-71.06512248516083,15,aa2cadce93985cabcc8c1701a5c8be20,65,5,3.95,2.0
MIT Stata Center at Vassar St / Main St,42.3621312344991,-71.09115600585936,35,d14fddb02c64c81c4c9febd44968d294,56,10,3.888888888888889,2.3
Chinatown T Stop,42.352409,-71.062679,19,a35b80134814b7fd4592404b8ddb2a24,63,19,4.0,2.0789473684210527
Harvard University Housing - 115 Putnam Ave at Peabody Terrace,42.366621,-71.114214,15,e7bf3cb1dd05da389680f35f83927905,61,14,4.105263157894737,2.1785714285714284
Commonwealth Ave At Babcock St,42.35154734791375,-71.12126246094704,15,e00981ae2721bdc7339d4ee00759f650,66,10,4.15625,1.95
Colleges of the Fenway - Fenway at Avenue Louis Pasteur,42.34011512249236,-71.10061883926392,14,c039b478f4cd30b69758596ddcfd5cf5,66,7,4.03125,2.0
Columbia Rd at Tierney Community Center,42.33023070528729,-71.05060093123029,19,65ee88e1ea2b01d7775f2391eb81252a,61,3,3.9285714285714284,2.0
Harrison Ave at Mullins Way,42.34521562115022,-71.0638403149278,19,8338b27741423582af34a18d4caa047f,64,15,4.2105263157894735,2.1666666666666665
Bartlett St at John Elliot Sq,42.3294633,-71.0901582,15,cfc97a94fde7ba82fdc7d86d41fbb4cf,58,2,3.9583333333333335,2.0
Deerfield St at Commonwealth Ave,42.34924376955301,-71.09728209692548,19,70c72c7cb0115d461f7b3fac84e00f2a,63,7,4.0,2.0
Mass Ave at Albany St,42.36135837662249,-71.09670273977825,18,adb1a2a0b419c7f51c67f19721233a47,57,9,3.95,2.3333333333333335
700 Huron Ave,42.380788172914286,-71.15412890911102,19,7bf7006cdf4a8afa8ad2b6948413ef6a,30,2,3.8333333333333335,2.0
Harvard University / SEAS Cruft-Pierce Halls at 29 Oxford St,42.377945,-71.116865,17,066efb58cb770f3d708a4f83a11fb374,64,13,4.088235294117647,2.0384615384615383
Albany St at E. Brookline St,42.33664795427071,-71.0689445958451,15,54064f3ff5f1d3c559d1a622464d208f,60,9,4.125,2.0
Sennott Park Broadway at Norfolk Street,42.36860524248197,-71.09930185605663,19,ac4c23b42cd05aa1ac939cfccb4e1340,59,15,4.083333333333333,2.2
Powder House Circle - Nathan Tufts Park,42.400877,-71.116772,14,ad43939d620ef225d35eafdb9ef9a29d,62,5,4.235294117647059,1.8
Davis Square,42.396969,-71.123024,25,8826fb6a8e69e2fd45f22d8ee1c1a8de,65,5,4.125,1.8
Ames St at Main St,42.3625,-71.08822,19,d5d8f74a35cbfb15b544ff984c9f2307,56,9,3.8823529411764706,2.0
Harvard University Radcliffe Quadrangle at Shepard St / Garden St,42.380287,-71.125107,19,ad81792b682543ed97bf3188819c0b81,62,10,4.15625,1.95
Lower Cambridgeport at Magazine St / Riverside Rd,42.357218503176526,-71.1138716340065,19,94ce3435b4ade8bcc9585e0887771ef5,54,10,3.9705882352941178,2.25
Washington St at Rutland St,42.338514601786,-71.07404083013535,27,05f50b281104f880804e0111662fecf8,63,9,4.235294117647059,2.0555555555555554
Kenmore Square,42.348706,-71.097009,26,da1dc98bb8c74306eca078f7dac261a7,63,8,4.0,2.0
Seaport Hotel - Congress St at Seaport Ln,42.34881026188269,-71.04167744055303,19,a19e611442a8933b8f82774ce3966ace,58,6,4.03125,1.9166666666666667
Brigham Circle - Francis St at Huntington Ave,42.33462893055976,-71.10407917767589,15,96a2904d35d1297555d1d66c435ab29a,49,5,3.966666666666667,2.0
New Balance - 20 Guest St,42.35732921867706,-71.14673539996147,15,fa4feed48aece06cb19271e25dd799f3,47,8,4.071428571428571,2.0
Encore,42.39329263225162,-71.0724475979805,15,242c0790744799251df7beca0447c893,56,4,3.7142857142857144,2.0
Commonwealth Ave at Kelton St,42.348358628170445,-71.13997217276847,15,ea78a31aab197a4a3785f99a4ffa3bc4,60,16,4.15625,2.0
Ashmont T Stop,42.2856944,-71.0641389,15,462d0294297e73b55fe0832dff6fe85f,47,2,3.7142857142857144,2.0
Mass Ave at Hadley/Walden,42.39120971915856,-71.12260755160605,19,3107dfaf0ecf92631330ea95572574e5,65,9,4.2368421052631575,2.0
Roslindale Village - South St,42.287072,-71.127754,15,d6596e565ed51ac0304bc1f4a6021c96,49,2,4.071428571428571,2.0
Mattapan T Stop,42.267902,-71.093641,15,69444b8637e1511806664a38a0b7244b,24,1,2.5,2.0
Lesley University,42.38674802045056,-71.11901879310608,15,352815b0fd48c554845e499609a51347,63,8,4.25,2.125
30 Dane St,42.38100143038052,-71.10402522613185,15,bdfa3124016a1bb07fd174dd8cc0de68,60,6,4.277777777777778,2.1666666666666665
699 Mt Auburn St,42.37500235137831,-71.14871613699506,24,31096eb4b1faaa246a35dfdd5a6492c8,45,3,4.175,2.0
Harvard Ave at Brainerd Rd,42.34953016890375,-71.13022770741735,15,42ba6b981a6676f8ffcf6e132ca1c01b,65,18,4.2,2.0
Gallivan Blvd at Adams St,42.28297567840305,-71.05466698296368,15,78972a7024b9bd851a61a1964abff721,36,1,3.5,2.0
Dorchester Ave at Gillette Park,42.34404051001636,-71.05737626552582,15,f835af662d1afc1ee1ae8ccfbab70aee,62,13,4.0,2.1923076923076925
Boston Convention and Exhibition Center - Summer St at West Side Dr,42.347763454147454,-71.0453599691391,22,fbe59f14d93321aa504adc16f1081148,57,7,4.0588235294117645,2.0714285714285716
Commonwealth Ave at Griggs St,42.34922469338298,-71.13275302578586,15,338bbc5f3f1adf47da56ad7518bbb48e,64,16,4.178571428571429,1.96875
MIT at Mass Ave / Amherst St,42.3581,-71.093198,27,c91bc9b7e63c282da005f7eac27f8d96,61,8,3.888888888888889,2.375
Central Square at Mass Ave / Essex St,42.36507,-71.1031,19,575e04966344a392bbbf9eccf09f029d,60,11,4.15,2.272727272727273
Brighton Center - Washington St at Cambridge St,42.34894857235593,-71.15027189254761,17,b0f4189efee3fe8e880bfffcabfff93c,56,11,4.09375,2.0
Washington St at Brock St,42.3489528466951,-71.16031676530838,15,66d0f515f619b404c689211df256024f,55,6,4.147058823529412,2.1666666666666665
Savin Hill T Stop - S Sydney St at Bay St,42.3106,-71.0539,14,52f7c777f0850cb03ceb546289c74649,53,4,3.8,2.0
University Park,42.36264779118595,-71.10006093978882,19,2073f8fbb163ff4e693cfad00f0dd64f,57,9,4.026315789473684,2.3333333333333335
Bunker Hill Community College,42.37408991426522,-71.06905996799469,23,feba1b6e8c43b983bf48479cbacec840,56,3,3.8846153846153846,2.0
Franklin Park Zoo - Franklin Park Rd at Blue Hill Ave,42.303469,-71.085347,14,3d5ed4d9f089974d5d0f0fc19ad17d9c,45,3,3.1666666666666665,1.6666666666666667
Columbia Rd at Ceylon St,42.309572,-71.0729,15,c2561905a4f6fad8c8bee1043bde9a6c,53,2,3.6,1.5
Troy Boston,42.343749,-71.062256,14,f0fc21e8403480413d2d2ac1d601d493,62,12,4.184210526315789,2.2083333333333335
Park Plaza at Charles St S.,42.35182806892068,-71.06781138111728,19,8cb2ba26cedf70bb3e3b115687a6dd89,62,15,4.138888888888889,2.1
Sydney St at Carson St,42.32039374304257,-71.05355408051764,19,1e47c96dfeb247da804d4beeed2a65bd,61,1,3.9,2.0
Museum of Science,42.36769018024484,-71.07116281986237,19,bf75e5d4343945db9675efcc60d1bf12,62,8,3.9642857142857144,2.0
Alewife MBTA at Steel Place,42.39558845716709,-71.14260613918304,19,246f58e0ae4db954e8dae72d11e19a81,40,5,3.3333333333333335,2.0
Mt Auburn,42.37478628706384,-71.13320231437683,19,8482b3ad353c1e6e9e317296f41eb064,46,6,3.9642857142857144,1.9166666666666667
Huron Ave At Vassal Lane,42.381650612901176,-71.13426981498378,19,1eeeb634d10232efadcbb8396fee8b88,35,6,3.966666666666667,2.0
Franklin Park - Seaver St at Humboldt Ave,42.309796,-71.092225,15,fa1b93d10ff350bd1e7469a1db231aa1,41,2,3.6,1.5
Sidney Research Campus/Erie Street at Waverly,42.35775309465199,-71.10393404960632,19,1f822fdb6173d31544d095e4fd981415,62,9,3.973684210526316,2.3333333333333335
Foss Park,42.39108438146733,-71.09039425849915,15,43eb3988f06f5b324fc9ae29d0a8faea,58,1,4.194444444444445,2.0
Kendall T,42.3624278429124,-71.08495473861694,23,69c98e683921460eecdb85a49a0f7b77,59,8,3.861111111111111,2.0
Grove Hall Library - 41 Geneva Ave,42.30791,-71.080952,15,bb5087ad1912ee66a53a0245ce50eef4,50,3,3.1666666666666665,1.6666666666666667
Roslindale Village - Washington St,42.28630716010807,-71.12820532182013,15,71c0c43e5adfcbc5754d8609d1c0f7ac,49,2,4.071428571428571,2.0
Roxbury YMCA - Warren St at MLK Blvd,42.31787329345602,-71.08243077993393,10,ea3c9ae5995449b37ad7db1727bd6dee,44,2,3.3333333333333335,2.0
Verizon Innovation Hub 10 Ware Street,42.37250864997261,-71.11305356025696,19,8d970bd1cdb480aeebc10da260449e02,63,12,4.055555555555555,2.2083333333333335
Third at Binney,42.36544486137399,-71.08277142047882,15,bbdda846f9d9d1b155d4a3614ed7ecfe,58,9,3.9375,2.0
Warren St at Chelsea St,42.371848,-71.060292,23,a0fa77069d080a45d5e9290af54e9f46,60,1,4.0625,2.0
Broadway at Lynde St,42.39648358247693,-71.06546759905541,15,33589b679639c87a536ac881face7d50,38,2,3.0,2.0
One Memorial Drive,42.361619320766856,-71.0804355052096,19,eb7a7c91c78b8fb7982c1310d52be566,60,7,3.911764705882353,2.0
One Kendall Square at Hampshire St / Portland St,42.366277,-71.09169,19,fce261dec8cf0d2593b65a7e8f726597,60,12,4.147058823529412,2.25
JFK/UMass T Stop,42.32033973515723,-71.05118036270142,15,9f6fae7b1b3a673377b452474ca2bcf1,57,1,3.8666666666666667,2.0
Cambridge St - at Columbia St / Webster Ave,42.372969,-71.094445,15,582f82ed392b7b5c072a7bbe40a40dfb,58,10,4.266666666666667,2.3
Main St at Austin St,42.375603,-71.064608,11,1e356b3d262d3819ace481af4e2d4135,55,1,3.9,2.0
Cambridge Main Library at Broadway / Trowbridge St,42.373379,-71.111075,19,8386693bdc273780efffd5d5eb9aed7c,61,11,4.055555555555555,2.227272727272727
Longwood Ave at Binney St,42.338629,-71.1065,15,eb276799b6ebc22ee82f33566eb778b7,66,8,3.892857142857143,2.0
B.U. Central - 725 Comm. Ave.,42.350406,-71.108279,11,a5edb12b9f8d171ae1165a9a2ae1f644,61,5,3.9411764705882355,2.0
Ruggles T Stop - Columbus Ave at Melnea Cass Blvd,42.33624444796878,-71.08798563480377,26,2b46609efdfe9b6d300bad1e817e1efd,61,4,4.133333333333334,2.0
Brighton Mills - 370 Western Ave,42.3615457081725,-71.13776206970215,15,ea09e29b591e36435fb8b78918651709,57,8,4.115384615384615,2.0
HMS/HSPH - Avenue Louis Pasteur at Longwood Ave,42.3374174845973,-71.10286116600037,25,d0ff6538806a4e5c46aa7e95f3fa47ce,65,5,4.0,2.0
Soldiers Field Park - 111 Western Ave,42.36426344063853,-71.1182756971175,15,b52b9b7b35eac94bff5cb2f6967150ca,62,10,4.117647058823529,1.9
Back Bay T Stop - Dartmouth St at Stuart St,42.34807412317439,-71.07657015323639,18,3c1cde4f3197b2599cc6140dc1ea4a80,63,18,4.138888888888889,2.111111111111111
Park Dr at Buswell St,42.347241,-71.105301,15,97a624904d68d950bc3c5016b4d4b28e,62,7,4.0625,2.0
Shawmut T Stop,42.292917,-71.06575,19,15f926c6b0601bb45f2397e85fee8888,62,3,3.8125,2.0
359 Broadway - Broadway at Fayette Street,42.370803,-71.104412,23,119f3ccd51ee15db7ff6f41bd497c601,56,12,4.157894736842105,2.25
Broadway at Beacham St,42.39836059620832,-71.06373842814719,15,bec1e7ce259575ad90178cfa9f298db7,49,3,3.375,2.0
State Street at Channel Center,42.344137,-71.052608,19,77b48a5112ce801c139722ae4d0edad7,57,10,4.117647058823529,2.05
Ink Block - Harrison Ave at Herald St,42.345901,-71.063187,27,0d0f6b413915f118e0c8c7e0ea107ffa,65,15,4.166666666666667,2.1
Chelsea St at Vine St,42.40328056972533,-71.04762639859473,15,b88fd0fad9168f030085889536ac18ff,58,2,3.730769230769231,2.0
Seaport Blvd at Sleeper St,42.35317809186252,-71.04817356923377,15,3eda44ce546b2d45a468cf7e2d0300a1,58,14,4.0,2.107142857142857
S Huntington Ave at Heath St,42.32760387040573,-71.11089169979095,15,ced361acc5ef864aa71260a0caa2dc92,62,3,4.125,2.0
Lansdowne T Stop,42.34734473177431,-71.1001680795016,27,b7b27ef8df5603f0476fb80646033f48,62,6,4.033333333333333,2.0
Broadway at Maple St,42.410346909767846,-71.05260457852637,13,6fb17aa11f7d7c681e5ac44d7478b869,60,2,4.0,2.0
Community Path at Cedar Street,42.39407223665884,-71.11133694648743,15,591b9b9624fd8c26c755250255b04a64,62,6,4.277777777777778,2.0
Williams St at Washington St,42.306539,-71.107669,23,d68b75ea345e415f1f13e0da99feef6b,62,1,4.117647058823529,2.0
Broadway at Central St,42.39517150121575,-71.09850591982195,19,55a3be70a759afd7dd2630ca764e3e64,53,2,4.111111111111111,2.0
East Somerville Library (Broadway and Illinois),42.3876281075134,-71.08318716287613,15,34f851114e5b238a1b9342729e0f5cfe,56,3,4.117647058823529,2.0
Assembly Square T,42.39223284004628,-71.07746601104736,15,bccde70d1e1cbaba15a5831057baeb1b,59,3,3.8,2.0
Shawmut Ave at Oak St W,42.34854543411198,-71.06559185315746,15,fa73e16335a18b7063558a81b1c655c9,64,14,4.166666666666667,2.107142857142857
Four Corners - 157 Washington St,42.30412792739016,-71.07929527759552,11,5cab52c2620fc92b384e46435a715190,52,3,3.1666666666666665,1.6666666666666667
Fresh Pond Reservation,42.38267827521855,-71.143478951426,17,c55f98cd397c770914c28a590e3ab90a,36,3,3.769230769230769,2.0
Main St at Baldwin St,42.380857,-71.070629,19,94467f4ac036f159a1be0dd07280cecc,54,1,3.9,2.0
Stuart St at Charles St,42.351146,-71.066289,15,1714951f74f4b116e42fc312dffa3be9,62,16,4.138888888888889,2.09375
Christian Science Plaza - Massachusetts Ave at Westland Ave,42.3436658245146,-71.08582377433777,19,95fed99e3a4c8fd726a808cfe4bb2587,65,17,4.09375,2.0294117647058822
Packard's Corner - Commonwealth Ave at Brighton Ave,42.352261,-71.123831,27,43b6ca106693a73e04b23890e713ea24,66,14,4.1875,1.9642857142857142
Main St at Thompson Sq,42.374878467440965,-71.06383498767171,15,17c39ffd4398015ef42c243387f5eaa7,46,2,3.9545454545454546,2.0
Commonwealth Ave at Agganis Way,42.35169201885973,-71.11903488636017,15,5bf24ef852ef0deecb6ac0d0852a9dd6,53,11,4.088235294117647,1.9545454545454546
Grove St at Community Path,42.396386809455,-71.12011306006025,15,7c3a46de6b2673928fe18d91125e44ab,64,6,4.1875,1.8333333333333333
Washington St at Melnea Cass Blvd,42.332817,-71.081198,19,294242dbc29d86a80477f22608479bc8,55,7,4.153846153846154,2.0
Rindge Avenue - O'Neill Library,42.392766,-71.129042,19,c199d7ad26651f605e7bb8778852a5e4,63,6,4.166666666666667,1.8333333333333333
Alewife Station at Russell Field,42.396105,-71.139459,23,2b4e2a73580c8b3d22be6ea6480f0f30,50,6,3.9705882352941178,2.0
EF - North Point Park,42.369885,-71.069957,23,e05d253ccb22c56ee8624c467c8d81f6,62,5,4.0,2.0
Danehy Park,42.388966,-71.132788,17,73935d28a37369a3e00400aacfb755f7,56,4,4.15625,2.0
Kendall Street,42.36356015842989,-71.08216792345047,17,d797b3a092f9f889b1cf181ec17e1ae2,58,8,3.90625,2.0
Oak Square - 615 Washington St,42.35057,-71.166491,15,9780cd14bba5099819fcd16c8bd8d897,51,4,3.8214285714285716,2.25
175 N Harvard St,42.363796,-71.129164,18,ded434853a62ec9703f2484cca685c20,33,7,3.9642857142857144,1.8571428571428572
Somerville City Hall,42.386844,-71.09812,19,fc9d0d6dab0b0ccbb300289b4b2e92df,61,3,4.333333333333333,2.0
Central Sq Post Office / Cambridge City Hall at Mass Ave / Pleasant St,42.366426,-71.105495,17,39595521b8d76cff6372dc8355b1190c,58,12,4.175,2.25
Lafayette Square at Mass Ave / Main St / Columbia St,42.36346469304347,-71.10057324171066,15,295b9c9707dfc5ad38f5a26740a06b48,59,10,4.05,2.3
Harvard Square at Mass Ave/ Dunster,42.373268,-71.118579,19,559f6c10954fbe02c18f04cc0c2f7ddd,65,15,3.9411764705882355,1.9666666666666666
One Broadway / Kendall Sq at Main St / 3rd St,42.36224178650923,-71.0831107199192,23,718c75a2793e082b583eb41ef8344998,60,8,3.7777777777777777,2.0
Harvard Kennedy School at Bennett St / Eliot St,42.3722168027866,-71.12188071012497,23,69d4f5841da11d211bd8329ab559ae68,63,11,3.911764705882353,1.9545454545454546
Stony Brook T Stop,42.316966,-71.104374,19,969c73f46d2f1b00fa1347cbf0930e3b,58,5,4.147058823529412,2.0
Mass Ave T Station,42.34135615767354,-71.08336953450817,14,2fa11633436ad015c40f55b2230a934d,65,15,4.083333333333333,2.033333333333333
Charlestown Navy Yard,42.374124549426526,-71.05481199938367,23,bfd39deba9eaf0ee1414ab380cde84e2,52,1,4.1,2.0
Bennington St at Constitution Beach,42.385223935870535,-71.01063068965232,17,554ea90f967ccd7475e5c1114706f83b,40,5,4.090909090909091,2.0
Mattapan Library,42.2773889,-71.09325,15,7007f81362e1587f64c0fbfadf25b22a,41,3,3.1666666666666665,2.0
Codman Square Library,42.2873611,-71.071111,17,2edf71db4c26403eb1a11b61f2a3361e,43,3,3.75,2.0
One Brigham Circle,42.33392270136997,-71.10446508982932,15,84d2e139470f4ad898c3eed7582aa63f,58,5,3.966666666666667,2.0
Cross St at Hanover St,42.362811,-71.056067,19,4bf16679e6286a5cb72c1ae4526a3107,65,18,4.175,2.0555555555555554
Dudley Square - Bolling Building,42.329842993518085,-71.08386572459494,18,2c9673616d210024b356d35b5dcc9692,44,7,3.9375,2.0
W Broadway at Dorchester St,42.33595897943309,-71.04622899561036,17,15c6239bb6fdba5db9b441ea4c7694ca,59,6,3.9705882352941178,2.0
Kennedy-Longfellow School 158 Spring St,42.36955297756508,-71.08579014980933,19,4cd1e9f309161524182f3b289aacc4ed,60,11,4.09375,2.0
Discovery Park - 30 Acorn Park Drive,42.39790817368333,-71.14797130814623,23,0cfc11cbc3154390e0783e5e3a4441f1,44,3,3.78125,2.0
Edgerly Education Center,42.38717463348314,-71.08714388528824,15,94cadf37da541c8efb38f5eb61a5b9ec,52,5,4.2368421052631575,2.0
Stuart St at Berkeley St,42.34954403114251,-71.0724207387284,17,4aadce0983019fbad4868b249eca31f3,60,19,4.2,2.1052631578947367
Congress St at Boston City Hall,42.36041774637169,-71.05752243543975,23,b7603039275c79d251ce77465451835f,65,20,4.15,2.05
Central Square East Boston,42.37544912547037,-71.03918548682486,15,a5b833831a8fc2b667fbf09894f2e01d,61,9,4.1,2.0555555555555554
Surface Rd at Summer St,42.35294569782581,-71.05656400803126,26,3714ae87607d155f95be85badcf63d85,65,20,4.09375,2.125
The Dimock Center,42.3193094317828,-71.09639923859504,16,682705cc2352e322168dfd520a43fed4,44,5,4.142857142857143,2.0
Jamaica St at South St,42.3060456272408,-71.11570891001975,19,b620991ddec43adcded54ce2d0a801bd,62,1,4.088235294117647,2.0
Centre St at W. Roxbury Post Office,42.28633199112775,-71.15344755369732,19,70c5f11e9cb1b10d53ca14cf9c270906,43,1,3.9166666666666665,2.0
Centre St at Parkway YMCA,42.28277901074054,-71.15728851416861,19,da5c532de7335881c803bb0c6edd6187,43,3,3.9444444444444446,2.0
Spring St at Powell St,42.277484442008216,-71.16341467955863,19,a45b2763eb84e37c3253d691793e64f5,28,3,3.75,2.0
Berkshire Street at Cambridge Street,42.37207657915397,-71.08995433905875,19,97bbb1ffbf3aa57b89b8ea6d96cfb852,60,10,4.205882352941177,2.0
Maverick St at Massport Path,42.36774122306014,-71.0333597474255,15,fa5f34ab69f94ed966e4ec927e49cbd1,64,17,4.125,2.0294117647058822
Boston Landing,42.35656092308941,-71.14167537549292,17,cf81abd79a805d80a0acdd937b642036,62,13,4.133333333333334,2.0
Sullivan Square,42.38445225635844,-71.07514854529654,19,85a335a007dec79a75612ddf9c983114,50,3,4.115384615384615,2.0
Whittier St Health Center,42.33286288486264,-71.09218861916816,19,095d4c6cb8bf7c88f3db55d1b65ca22e,46,3,4.071428571428571,2.0
Hyde Park Ave at Walk Hill St,42.29606704649873,-71.11601199963843,15,ce50027bd35ab0696f913a5824251cb8,33,2,3.6923076923076925,2.0
Charles Circle - Charles St at Cambridge St,42.36079296858265,-71.07118962337152,19,1668c925d529390497c9464f08b57613,58,11,3.8823529411764706,2.0
700 Commonwealth Ave.,42.34960945333059,-71.10391523698127,16,f07c1d1cec45c70a0978421f33fbc0ef,65,6,4.133333333333334,2.0
Wilson Square,42.38567578752914,-71.11412136298895,15,c6ffb8fd91bc90f5485d92b241643892,61,7,4.305555555555555,2.142857142857143
Brookline Village - Station Street at MBTA,42.33274392304887,-71.11626680949485,18,e87b9f4442359c5921ebff3cfdc79d71,53,7,4.066666666666666,2.0
Columbus Ave at W. Canton St,42.34474224772802,-71.07648162175792,19,f8dcb519a5af9972a48aaa75873a7da3,63,20,4.194444444444445,2.15
Washington St at Waltham St,42.34157471873748,-71.06890439987183,15,51de800a1840b4a6b2a271ca19243db4,59,9,4.105263157894737,2.2777777777777777
Cambridge St at Joy St,42.36125721646537,-71.06528744101524,15,23b790b9b4670e3545c79aaf85d39378,67,16,4.147058823529412,2.0
Magoun Square at Trum Field,42.39778339961249,-71.10594004465383,14,2a75a9793da9b8ccadb3cd415ed425d4,56,2,4.264705882352941,2.0
Landmark Center - Brookline Ave at Park Dr,42.34369055719748,-71.10235286881107,15,bafb7ee08bd0293cabfcea906717bf7b,63,7,4.0,2.0
The Overlook at St. Gabriel's,42.34679008347347,-71.14549813806661,18,0ce75736538979dbe5f6ce7398327d6a,39,9,4.194444444444445,2.0
Boylston St at Massachusetts Ave,42.34740620525209,-71.08678414955648,15,26943bb9cd5ba6a8fe5c2ba60133240c,65,16,4.088235294117647,2.03125
7 Acre Park,42.41143222973408,-71.06823265090497,15,b84ce527bb3adc5f5a1be2d35f8a32ea,51,1,3.85,2.0
Government Center - Cambridge St at Court St,42.3598253979878,-71.05979576244862,35,d8cdcd32f832e97e4d41d50dbbf9b119,64,21,4.157894736842105,2.119047619047619
Coolidge Sq.,42.37207611472287,-71.15683130688922,12,69e8614b772b98797bbd9680cabc742b,54,3,4.078947368421052,2.0
Watertown Sq,42.365260317694485,-71.18573324459247,15,358d7c6a3af2a223278c768cc6f02352,56,4,4.125,2.0
Graham and Parks School â€“ Linnaean St at Walker St,42.38294430172271,-71.12449831038248,19,b9745227e3ce703f035e26051967bb54,62,6,4.21875,2.0
Smith Pl at Wilson Rd,42.39239749145834,-71.15058331757609,19,c86418d7803faa6458577768e481af53,32,4,3.4444444444444446,2.0
Gove St at Orleans St,42.37057753242139,-71.03558540113227,19,1ce3df227afc162221da825b5d64ed4b,62,18,4.142857142857143,2.0277777777777777
MIT Hayward St at Amherst St,42.36085937353302,-71.08551858007559,27,dd80c15c07d623dc5d0ff21e444dfdcb,54,6,3.8055555555555554,2.0
Arsenal Yards,42.36277388549605,-71.15764854490408,15,8ceebb2c5d7e650b98c1f357cc27ad1c,55,6,3.9722222222222223,2.0
Swan St. Park,42.412504507772105,-71.05842225271772,15,8db92ea8de37e92a1a4dcc9ebfc38468,63,1,3.9444444444444446,2.0
Wasgott Playground,42.4093300667225,-71.06381878293178,15,ac6226b7f47085f4285f0d328bd7dc3d,58,3,3.9444444444444446,2.0
Galileo Galilei Way at Main Street,42.363003781560096,-71.08974037706501,19,8a7bf83248ef53141b24b11439b8201b,57,9,4.0,2.0
Thorndike Field at Minuteman Bikeway,42.40016804853787,-71.14456963094199,11,0f7d14271f73ee0fa0e295a9f574393f,45,4,3.8125,2.0
Kearins Playground,42.40616124132245,-71.06041654944418,11,ba7c8d6bbc4dec7028026a5000ebf873,62,3,3.7916666666666665,2.0
MIT Carleton St at Amherst St,42.36054174140606,-71.08669817447662,27,94fbf085f14ca2fb047c5f73d82fd0d7,56,6,3.861111111111111,2.0
Revere City Hall,42.40741,-71.0139,11,5059089c60fe9e54355a3e89876677cb,58,2,3.6818181818181817,2.0
Revere Public Library,42.408088,-71.008942,11,e7418148fff61062d4b1431e18252fbe,61,6,3.8181818181818183,2.0
Community Path at Lowell St,42.392525,-71.105587,19,c8fe4ef59cd994f19ede2e2974ccd4e9,47,5,4.194444444444445,2.2
Day Sq,42.379295,-71.027733,16,9c3d4178bddc92bce003eb65ff1ea831,61,9,4.0,2.2222222222222223
Martha Eliot Health Center,42.324173,-71.10196,16,58f73aafa0e24c6eb499c1b8b55cf314,49,6,4.136363636363637,2.0
Blue Hill Ave at Havelock St,42.286012,-71.090986,18,166efdbfa3e9bae504312ec2c1c807d9,37,3,3.1,2.0
Harrison Ave at E. Dedham St,42.339194,-71.06975,19,88208143860cdc5657415f8da7548f0d,59,8,4.083333333333333,2.0625
Harvard Stadium: N. Harvard St at Soldiers Field Rd,42.368019,-71.1242,15,932bb6179f18fc56aed1472da78a29a8,64,8,3.96875,1.9375
Innovation Lab - 125 Western Ave at Batten Way,42.36371276003581,-71.12459778785706,19,87706c66ea0565951625cfe6d551e0cb,64,9,3.923076923076923,1.8888888888888888
160 Arsenal,42.36466403441681,-71.17569386959076,11,da929830a97362be824a07bf28524ed6,56,4,4.1875,2.0
Chelsea Square,42.39022671103383,-71.03857017704286,11,c50df137b15bd3cb066f2914c25e20f4,60,2,4.125,3.0
Broadway at Gerrish Ave,42.39453079292221,-71.03085594484583,11,04a62029c1f7ba571570d4daa01be051,63,4,4.333333333333333,2.0
Chelsea Station,42.39636527849676,-71.03987179230899,11,88d8b1dc28310bb481ce9a5652893a7f,64,1,4.333333333333333,2.0
855 Broadway,42.398417726101584,-71.02390923402707,11,bb7b485ab3d31c2eef701bf82bd9740f,50,2,3.857142857142857,2.0
Nichols Ave. at Watertown Greenway,42.36762048745005,-71.1565663665533,12,7d0d709888e7436cc6c859da175b0506,57,4,4.0,2.0
JFK Crossing at Harvard St. / Thorndike St.,42.346551241753566,-71.1283321143128,15,050856f67e551c52b12f0e807cea52b2,66,16,4.2,2.0
Cypress St at Clark Playground,42.32784317478686,-71.1253622174263,15,4067327d18fcff83a287d6e93ef48597,49,5,4.142857142857143,2.0
Linwood St at Minuteman Bikeway,42.40935395518158,-71.14906518727366,11,06257df257eaea0ac7a572e27f5cf67b,54,2,4.035714285714286,2.0
Conway Park - Somerville Avenue,42.383638948222654,-71.10853672027588,23,c98b625c29944b77809301f860967d9b,61,7,4.294117647058823,2.142857142857143
Bellingham Square,42.3931961102951,-71.03344559669495,11,a3b1e801bf1b7d858a9fd3aef6995c06,61,5,4.5,2.4
Inman Square at Springfield St.,42.37426713524931,-71.10026478767395,25,d25bb6eca6127a338dd04fe351a81056,60,9,4.28125,2.0
Union Square East,42.380078,-71.090098,19,dfb7fab2fb2204493dcfd76cb9c5fb84,60,9,4.2631578947368425,2.0
955 Mass Ave,42.36895180540729,-71.10998779535294,19,665c6aff87cd30ef1d62e71986cc62dd,61,11,4.166666666666667,2.227272727272727
Salem MBTA - Washington at Federal St,42.52345239346618,-70.89611113071442,13,376ff21962da47ccf4a2ff97b81b3ee2,66,5,4.235294117647059,2.0
Mayor Salvo Path at Mill St,42.51803519796769,-70.89570075273514,11,1e69a9ab51d8588268a1f037c55e0b6b,67,7,4.176470588235294,2.0
Shetland Park - Congress at Peabody St,42.51836788262243,-70.88952362537384,11,4f827f49fe3e342e2111e65b47f9920a,64,5,4.235294117647059,2.0
Lafayette at Leach St,42.51142784358897,-70.89183300733566,11,348016d77c9b6a9fe710ab523b4969d2,55,7,3.9642857142857144,2.0
One Beacon St,42.358477644348106,-71.06135129928589,16,eb434d3aa3e2366ebbb184f483898570,65,22,4.111111111111111,2.1136363636363638
Foley St at Grand Union Blvd,42.39301840035393,-71.08071684837341,19,a9252407eff896dfcf8b3fa5812cd482,60,3,3.8214285714285716,2.0
Vassal Lane at Tobin/VLUS,42.38536765218425,-71.13775670528412,19,a23c3aaf0848916ebf6dd899b5f37876,37,3,3.7,2.0
Harvard St and Stedman St,42.3443517550051,-71.12490355968475,15,177cef4e54cc80f67af8e3ceb71c3422,66,10,4.178571428571429,2.0
High St at Cypress St,42.32464510949409,-71.12135231494904,15,8b8f6118a40499a57f9df551b79159e5,48,4,4.178571428571429,2.0
Concord Ave at Spinelli Place,42.390719,-71.1538877,19,8a5921ecd94e764ea9774ccb669d2c8f,22,2,3.7142857142857144,2.0
Danehy Park at New Street,42.389456,-71.139019,19,f3fd28041e47ccd6de0bec5e46e877be,39,4,3.78125,2.0
Clinton St at North St,42.3607028354884,-71.05524927377701,18,6f7ee9617d909b38b9123e7a6326d036,63,20,4.15,2.05
Walnut Ave at School St,42.31242399029812,-71.09616905450821,19,a4a39942d418e74869fcecc45556c009,38,2,4.0,2.0
Sumner St at Shirley Ave,42.40833705812975,-70.99804848432541,11,a6941a8eb4a8d3dbf0239e93041e3e63,56,5,3.909090909090909,2.0
Orr Sq (Shirley Ave),42.40715655698643,-70.99272429943085,11,a6c3f131220ce78153ea71d2e687678b,51,4,3.95,2.0
Old Morse Park at Putnam Ave,42.35766247889882,-71.1084133386612,15,bfff231a0a237357b4a1bf65ac5694e6,63,8,3.9722222222222223,2.375
Morton St at Gallivan Blvd,42.278747,-71.080286,15,3a903ed40eea7b4fe963df312622dcd3,27,3,3.375,2.0
Cleary Sq,42.2556,-71.12444,16,75e0071675cfdddf2417d21646797abd,39,1,3.875,2.0
Valenti Way at Haverhill St,42.36473898691789,-71.05934903025626,24,d83737b992140ea13987ca4fc7461e7f,68,17,4.2,2.0588235294117645
Somerville High School & Central Library,42.3864,-71.09601,17,57828ca2834f9d033095acdd440fd3f1,60,4,4.3,2.0
Marion St at Harvard St,42.34012242696642,-71.12070563810447,15,1718a45b58212ab2c029d6a11602fdb2,63,8,4.21875,2.0
Cambridge Crossing at North First Street,42.371141,-71.076198,23,9a7f5ad1aa63f0d2efd476a8e744ca49,60,7,4.076923076923077,2.0
Nashua Street at Red Auerbach Way,42.365673,-71.064263,36,2601ac8e4decf87d75d824fa7e47b9a5,66,14,4.133333333333334,2.0
Forsyth St at Huntington Ave,42.339202,-71.090511,15,5d3e86535685ca7ab149e612d40205ac,64,9,4.088235294117647,2.0555555555555554
Railroad Lot and Minuteman Bikeway,42.41606457115141,-71.15336636682059,11,3a6dad99cda1291acb9325c283eba240,41,1,3.875,2.0
Rogers St & Land Blvd,42.366446738529454,-71.07654601335526,19,9615ed8e82f5eb75aadb493f9d283b62,61,7,3.8846153846153846,2.0
Hyde Park Library,42.2568376,-71.122509,15,5bdc7f7c2fdddcc38618ce51d48d6afb,39,1,3.875,2.0
Harvard Square at Brattle St / Eliot St,42.373328798874056,-71.12098601080106,15,dc41960256edd3fb3aabd95e1a6f05cd,64,11,3.911764705882353,1.9545454545454546
Galileo Galilei Way at Fulkerson St/Binney St,42.3664204,-71.0885418,19,3724ceac55e416b9acae4f87bde8a6c6,58,10,4.117647058823529,2.0
Aquarium T Stop - 200 Atlantic Ave,42.35991176110118,-71.0514298081398,23,9c85a06bb914c9897dda64fc412498c4,64,18,4.125,2.0277777777777777
Fan Pier,42.3533905070523,-71.04457139968872,15,6328b02e699fed54f327e9bb8e51e2ec,60,13,4.0,2.1153846153846154
Lewis Wharf at Atlantic Ave,42.363871,-71.050877,19,d27a92570184af7220c3130dace0e347,65,15,4.175,2.033333333333333
Seaport Square - Seaport Blvd at Northern Ave,42.35148193460858,-71.04436084628105,23,5bf7e1226592f7ed603ce0690fa6a566,59,12,4.0,2.125
Surface Rd at India St,42.358155,-71.052163,19,0f6de24ee3d6995945a685ecb9fe5771,64,18,4.111111111111111,2.0277777777777777
Rowes Wharf at Atlantic Ave,42.357143,-71.050699,14,2cce02b482530e0086ad9f529fe48c2b,63,18,4.105263157894737,2.0277777777777777
ID Building West,42.344796,-71.031614,19,b03546e29d60dde109fa231ff93c88b5,60,3,3.9583333333333335,2.1666666666666665
ID Building East,42.344827,-71.028664,17,997d209a53d13471372a1145c32d663a,54,1,3.75,2.5
The Eddy - New St at Sumner St,42.370744,-71.044201,15,8ece5437df6558cd259deb3b2af0e25e,55,2,4.0588235294117645,2.0
Watermark Seaport - Boston Wharf Rd at Seaport Blvd,42.351586001198456,-71.04569256305693,15,2893854c4c64eb00b7cbac5381c3e6c5,60,13,4.029411764705882,2.1153846153846154
Porzio Park,42.364119035231525,-71.02876782417297,17,46ce3f72c8ebd4f9ccd451702b230c73,60,18,3.7916666666666665,1.9722222222222223
645 Summer St,42.341780891371904,-71.03987016504107,19,065506e948cfe5e52fffd87db9f203ec,60,6,4.107142857142857,2.0833333333333335
Congress St at Northern Ave,42.3481,-71.03764,13,036ab7e3f20a35bce54f4497aa2470b9,59,5,3.861111111111111,2.1
St. Alphonsus St at Tremont St,42.33329254719182,-71.10124647617339,17,6a7aab7f4f45b81236d5bf9e80840b7e,61,4,4.0,2.0
West End Park,42.36590788445084,-71.06446668505669,35,9e6a8c665def7b9475f618f73bf16e2e,66,14,4.133333333333334,2.0
Pier 4 Blvd at Autumn Ln,42.3502102,-71.0446705,19,b2a55a314d5e3aa767db25d31ff88b4c,60,9,4.029411764705882,2.1666666666666665
Flat 9 at Whittier,42.33420351352245,-71.08767616843123,15,41a56ea4c0f3a90b36b298bd7b4e6a2a,65,4,4.038461538461538,2.0
Roseland St At Dorchester Ave,42.2911685327193,-71.06300890445709,12,3c53d7c67f81c4f5328eb183a041913b,59,2,3.75,2.0
Hawthorne Boulevard,42.5223714,-70.8903331,9,02322cbd5e16c8e316d500b3d0836a42,65,3,4.222222222222222,2.0
Silber Way,42.34949599514002,-71.10057592391968,19,0e0da5c27581d937fba4f8f2d3a89d3d,62,6,4.0625,2.0
Child Street at Brian P. Murphy Staircase,42.37197678467975,-71.07200495972165,23,4e0e3d41010dc3493ffa0a6525f46c8c,62,3,4.0,2.0
Union Square - Somerville,42.37964789967527,-71.09540475672475,19,be411640ce6cd322a4395f4e9c8e1294,60,9,4.21875,2.0
Tremont St at Northampton St,42.338431795290944,-71.08169049924982,19,dbfbe00268b1f22eba157841e4961eaf,64,11,4.111111111111111,2.0454545454545454
CambridgeSide Galleria - CambridgeSide PL at Land Blvd,42.367074071490926,-71.07679277658461,15,3c7c3c895d64146cfd576c4c52ed38a1,61,7,3.8846153846153846,2.0
Raymond Park at Walden St,42.38736953747185,-71.12761001482795,19,4e493f21f21597a5980ade94ce92e2a9,63,6,4.277777777777778,2.0
Wellington MBTA,42.4023682,-71.07573182424781,19,a6da5fbf35b021a477e4800fb68bdbf5,61,1,3.59375,2.0
Main Street/Albany Street/Technology Square,42.3629016,-71.0915669,23,3128288fe0d688a63dfe1e80c8cc96db,56,10,4.027777777777778,2.3
Gilman Square T at Medford St,42.3867355,-71.0946444,19,82c7eba73fec23041cd12136cf5f99d0,60,4,4.3,2.0
Shawmut Ave at Lenox St,42.33584612997077,-71.08038157224655,19,eb14c31ea7e061c9d3d0ce27083dc722,66,6,4.15625,2.0
Hood Park,42.38004534693313,-71.0730457305908,23,f42d12553e816325888c0ad39698c57c,47,3,4.1,2.0
Essex St at Dalton Parkway,42.516223,-70.905535,11,da7b6ca70afdedff21d877bdfc6ef3d6,49,8,4.0588235294117645,2.0
Harvard University River Houses at DeWolfe St / Cowperthwaite St,42.369239074859216,-71.11687034368515,21,e6459d13e1ba4b710b7adceab914191d,62,12,4.083333333333333,1.9583333333333333
Salem MBTA - Lower Level,42.523994,-70.89684,11,392136e1359941462ac713ed226529cd,67,3,4.1875,2.0
Community Life Center,42.520136,-70.906271,9,99ad460cb98114fe2739ecb32b593b80,62,7,3.96875,2.0
Goodhue St at Grove St,42.520897,-70.910528,11,f30d2eaaf303e9cbf262159fca57f655,36,4,3.6875,2.0
Tappan St at Brookline Hills MBTA,42.331370168043215,-71.1268836054569,15,a51c0ee1f8455b81a4496786ee2ec0a9,45,6,4.166666666666667,2.0
Main St at Brooks Park,42.411709,-71.110444,11,ae9051a06971b16cfda3ca3bd4caf313,58,5,3.8666666666666667,2.0
Medford Sq - Riverside Ave at River St,42.417724,-71.108102,11,7747edb781e3cbfa6360fee241c8696c,37,2,3.607142857142857,2.0
Tufts Sq - Main St at Medford St,42.401697,-71.106128,11,d61127e845d8c1ed707b427382d56b68,56,6,4.157894736842105,2.0
Gore Street at Lambert Street,42.373079797934935,-71.08634233665725,19,5a0ea72253f37a1bea9c74fdd6d58fac,56,11,4.2,2.0
Broad Canal Way at Third Street,42.36304549626695,-71.08287078916874,19,c0202106f9dafc27fe7ca936b3c7bea0,59,8,3.861111111111111,2.0
Malden Center T Station,42.426541,-71.073179,11,f2ea69e0df0d69b14546b725b1e16d2b,62,5,4.166666666666667,2.0
Northern Strand at Main St,42.42386,-71.067793,11,18441e804b01396142783dc4eb710599,61,8,4.076923076923077,2.0
Gramsdorf Playground,42.408156,-71.0429,14,c63ca3e6762670c00202ff4d623e0d4d,61,1,3.7857142857142856,2.0
Teele Square,42.40087950159558,-71.12590793383788,15,8979bdb8e1bd2f197731eae67dae641e,67,7,4.147058823529412,1.8571428571428572
Malden High School,42.426537658440544,-71.06393694877625,11,4fda90b9aac087d19b0b629f86ef1528,62,8,3.9615384615384617,2.0
Airport T Stop - Bremen St at Brooks St,42.37410287664702,-71.03276431560516,15,ccf4122b9e364cfca1114d5f71bfb352,62,18,4.15625,2.0
John Ahern Field at Kennedy-Longfellow School,42.36903566594827,-71.08630959910442,19,504a950d94c81aeb5a45a20a1355996b,61,11,4.147058823529412,2.0
Everett Square (Broadway at Chelsea St),42.40743489432222,-71.05533242225647,14,97efe98fa777dd52c96e9a3c41cc66e2,62,3,3.9545454545454546,2.0
87-101 Cambridgepark Drive,42.39522187031066,-71.14421904097979,23,5af7166601bab77b7a271441860187b1,36,5,3.3636363636363638,2.0
Broadway T Stop,42.343048583900966,-71.05803430091328,19,77fa4c1cc4fa3388022fdd8106df756c,62,10,4.0,2.25
Boynton Yards at 101 South Street,42.375447604963405,-71.09117388747109,19,8de377f7be5f3de143c97b515e594ecb,59,9,4.305555555555555,2.0
Washington St at Myrtle St,42.3817508,-71.0839523,15,bd823becb292c951994a6ec361ccd692,49,6,4.15625,2.0
Clarendon Hill at Broadway,42.406302,-71.132446,15,3f002b9808de30c28132f3cde02667be,49,7,4.133333333333334,1.8571428571428572
Craigie at Summer St,42.38831607584243,-71.1106824874878,19,dbf97b2924cf9c7f5e83e0b8dbd559f2,59,7,4.2105263157894735,2.142857142857143
Beacon St at Washington / Kirkland,42.37875351212593,-71.10707223415375,19,74a84532f559a506cf6a06e5caa0d17e,54,7,4.222222222222222,2.142857142857143
Somerville City Hall Annex,42.39189811591863,-71.09745375830244,19,6ad3e21a8db604868bb6bd990e104fa4,55,3,4.083333333333333,2.0
Elm St at White St,42.38952436305763,-71.11694140364307,19,def148dc8b71d5ef227f9db6f501aed3,64,7,4.2368421052631575,2.142857142857143
Ball Sq,42.39936816059618,-71.11111521723615,19,f80ef5472ff241af97bd5a0bd423949b,61,2,4.2105263157894735,2.0
Somerville Hospital,42.390446216041305,-71.10856622457504,15,85b518a76c2b3266738a62569f05bca6,55,6,4.184210526315789,2.1666666666666665
Piers Park,42.36501119822304,-71.03528559207916,15,222323fdc33e6a744d6aed7db2b7b89d,56,16,4.0,2.03125
Glendon St at Condor St,42.38240377674137,-71.03024303913116,19,c01275ef8ceddd3df7f7d1b93326a90b,56,7,4.125,2.2857142857142856
Addison St at Saratoga St,42.38518146513944,-71.0151367,19,2cb9278b9e7b07e6d0e8294ff547dcb6,41,6,4.0,2.0
Marion St at White St,42.38066930871317,-71.03907315999093,19,c86c7e9d314e9f2abd710919ccdf9b59,60,2,4.066666666666666,3.0
Burlington Ave at Brookline Ave,42.345733,-71.100694,15,134d7392f7c21ba561437058296d6928,63,7,4.033333333333333,2.0
Western Ave at Richardson St,42.36178741066188,-71.14393111327445,19,202b71b415a3dff92063dc1ac2b8b7ef,36,7,4.076923076923077,2.0
Washington St at Egremont Rd,42.34286835071959,-71.14127840855872,15,46d2512741dfc236f66c050dee0845b4,57,8,4.147058823529412,2.0
Canal St at Causeway St,42.36530094929082,-71.06092190993877,23,464b7395242e4d68eeb517d9879ad1e8,66,15,4.117647058823529,2.066666666666667
Broad St at Central St,42.35849449039304,-71.05426469875965,15,6a86f88d17cc7ef5684ae4adb821b92d,64,20,4.131578947368421,2.025
Blossom St at Charles St,42.36435589027983,-71.0695936904267,15,85bee2c1d13357c7617469e09b3df773,62,14,3.9642857142857144,2.0
Boston Medical Center - E Concord St at Harrison Ave,42.33639915372498,-71.07306711393903,19,59d187e5da5008023ce696fc782d39d6,62,9,4.176470588235294,2.0
Arch St at Franklin St,42.35533501941256,-71.0582291708306,31,e85796a65eb38a98bd3af81999c079ad,63,22,4.105263157894737,2.1136363636363638
Uphams Corner,42.31727474327453,-71.06537003967787,15,e657d1efe91e21a9f2314b9bb6270f25,64,3,3.95,2.0
Uphams Corner T Stop - Magnolia St at Dudley St,42.318697341722434,-71.0697814822197,15,fc838ae545f5744d24cc84c44da26215,56,3,3.8333333333333335,2.0
Walnut Ave at Warren St,42.324081,-71.083235,15,c432d994e87baa306e85e8a27d38ce87,52,3,3.6666666666666665,2.0
Morton St T,42.280725142920296,-71.08617242434775,15,82b7f11c01a1c32993d8ef085b58699a,37,3,3.2142857142857144,2.0
Dudley Town Common - Mt Pleasant Ave at Blue Hill Ave,42.325333,-71.075354,15,9c8f4caab97924404b606289e7611f4a,50,8,3.6875,2.0
E Cottage St at Columbia Rd,42.320561,-71.06198,19,562b27a16779c09377a90b59136b8a85,60,1,3.9,2.0
Fields Corner T Stop,42.29963348842063,-71.06068975823291,15,2968d3e6582d4ee6106e7504be64ee27,60,3,3.8125,2.0
Park St at Norwell St,42.29442578670662,-71.07821760713703,15,08e1c69278aa25f891944355cc9cf214,46,2,3.5,2.0
Thetford Ave at Norfolk St,42.286212948246096,-71.07942931372236,15,4de5af095ce48ad1617d2bf0926b9d73,47,4,3.5833333333333335,2.0
Archdale Rd at Washington St,42.29266592872725,-71.12119538714069,15,3e854784ea620377c89ea23c5a77cfd5,38,2,3.9411764705882355,2.0
Northbourne Rd at Hyde Park Ave,42.29118034790426,-71.117736660035,19,473eaabefdb4b9574dfd8476e068bdcb,36,2,3.75,2.0
Mt. Hope St at Hyde Park Ave,42.28484472443536,-71.11874517062459,19,a9ce664fad467587a0e77814be73840d,54,2,3.857142857142857,2.0
Bellevue T Stop,42.28611420958351,-71.14636927843094,19,b3cd9038b5aab09db6d3151f070382fa,45,1,3.9705882352941178,2.0
Watertown Town Hall,42.36759307632294,-71.18751436471939,11,80ca200705ab32ecc5351abcbd64b9d3,55,4,4.205882352941177,2.0
Centre St at Washington St,42.35574334805774,-71.18641942508475,11,f6d655a897cc0e6dd2dbac8e6c14d6c5,32,1,3.7916666666666665,2.0
Washington St at Fuller St,42.281986277339136,-71.07147924620222,15,416f09144ff70078792b08fb991bc2a4,34,1,3.6666666666666665,2.0
Washington St at Crafts St,42.35389024396587,-71.19943707257335,11,6c894e61994ae44b0b82f052d004e6e5,52,1,4.25,2.0
Washington St at Bowdoin St,42.29916497936589,-71.07345871645519,15,180c53f6b8d02cfec25fdcc538a3b7c7,39,3,3.875,1.6666666666666667
Bacon St at Washington St,42.35711920909866,-71.1860453666327,11,3c2ee87b52748fa80f7d4035febd23a5,38,1,4.0,2.0
Nonantum Library,42.36068455768156,-71.20146199598821,15,b84e25fdd51980b813dc0dbb790002f0,38,1,4.25,2.0
Ryan Playground - Dorchester Ave at Harbor View St,42.317642,-71.056664,15,122be9f4f54881d9923e0ad6f490c3b7,63,1,3.8333333333333335,2.0
Adams St at Lonsdale St,42.291679428741226,-71.05726346409938,15,323224e1c8b9ad7aa0f47345b17d863d,58,1,3.6,2.0
Langley Lot,42.330528,-71.192861,11,68f76d249df14835831459c05b400e49,51,1,4.0,2.0
Beacon St at Charles St,42.356052,-71.069849,19,89b265da9780207db64adb0b1a43a2c6,61,17,4.055555555555555,2.088235294117647
Watertown St at Albemarle Rd,42.354104081396585,-71.21382214128971,11,e484feaad86b26a0cd1e615bf2e9d898,39,3,4.107142857142857,2.0
Clarendon St at Newbury St,42.35159662465317,-71.0756166279316,19,a19e593f6f9db3c475011da1e3eb7858,61,18,4.184210526315789,2.111111111111111
Centre St at Seaverns Ave,42.3121203,-71.1142981,15,351df3cb6369643d20def3f29d0b71f3,56,2,4.0,2.0
Boston College T,42.33987891612856,-71.16708934307098,17,9ed9ef745944a7870acbcd6aab4fad1a,20,2,3.25,2.5
Beacon at Walnut,42.330062324403,-71.20668411254883,15,8259466342a4808c7da5ee83bbe71d07,42,1,3.923076923076923,2.0
Auburndale,42.34805541493346,-71.2477594614029,15,7432d9fc8e918a6cb3f04224737f18de,18,1,3.5,2.0
Washington St at Walnut St,42.351458116963016,-71.20764970779419,11,4e1007c2a121f272e7516a8d6e03ef12,45,1,4.107142857142857,2.0
Blue Hill Ave at Southwood St,42.31786020589988,-71.07798628527235,15,7d9407baeadd75c5bdf12c8d51a1e613,49,2,3.5833333333333335,2.0
Massachusetts Ave at Columbus Ave,42.340814,-71.0816197,14,0aae4326752a86b8a33754617c76c982,64,16,4.205882352941177,2.03125
Centre St at Commonwealth Ave,42.3362358,-71.1934421,11,f4560f5bd8da755b034cd8d36c3a9e14,51,1,4.214285714285714,2.0
Post Office Square,42.35585435522005,-71.05459745998814,19,1a8691366b080d2cce91d233ecc5e6c0,66,20,4.111111111111111,2.025
Congress St at Sleeper St,42.351004495946704,-71.04930013418198,19,d3b31cb8873c062a7b7cd952cd2ca8c3,60,13,3.9722222222222223,2.1153846153846154
Washington St at Peters Park,42.34303291130257,-71.06688730436872,19,24413cb08a7091f6d6ef8fc9ff6ee876,59,14,4.125,2.2142857142857144
Andrew T Stop - Dorchester Ave at Dexter St,42.33073332585453,-71.05699850837482,15,7e5bd59854a8d0ed00c0335982b779b1,44,3,3.857142857142857,2.0
Brighton Ave at Linden St,42.3528376,-71.1296752,19,563c0e7af25efac44a5817e8951792c1,66,17,4.2,1.9411764705882353
Northeastern University - North Parking Lot,42.341814,-71.090179,15,0ebfbd58421465842f99d4e20c0188a8,63,15,4.1,2.033333333333333
Boylston St at Charles St (Temp Winter Location),42.35258524849636,-71.06770277023315,31,e4054a2e7dc783206f46f58c7c9c2a00,62,16,4.138888888888889,2.09375
Mass Ave at Grafton St,42.40726052447951,-71.14382132425817,11,a4139b66ec68fa2ed3a2c1e516dd97e9,47,3,4.066666666666666,2.0
Broadway at Grafton St,42.40994213011757,-71.14009319811885,11,b97b6b6c1101dd15f7f158d447182be7,50,5,4.0,2.0
Mass Ave at Broadway,42.414202132001854,-71.15051883389242,11,4c52c304c14c18d0b688e05ebd226dde,41,2,3.8666666666666667,2.0
St Mary's,42.346197076555455,-71.10728681087494,15,3f6b594b3a37e0e10aadf7fe1cfd26e4,61,6,4.0,2.0
Washington Sq,42.33985827126298,-71.13421171095978,15,319addb12c18e576e77ff1edbaff163d,54,6,4.0625,2.0
Beacon St at Tappan St,42.33826680058037,-71.13894682028331,15,553777ea4bfa8e1e07dcb049964f3075,55,5,4.0,2.0
Coolidge Corner - Beacon St at Centre St,42.341598,-71.123338,19,f5cd79c9dd25baf7099ff87f1837686a,64,7,4.1875,2.0
Boylston St at Berkeley St,42.3511419825475,-71.07329249382019,15,878d4eee7eb6ae036df106153075ef88,61,17,4.2105263157894735,2.1176470588235294
Boylston St at Exeter St,42.349589423682445,-71.0794677917329,19,73d28f83de4d08b6bbf9aa4b7fc6e045,61,18,4.138888888888889,2.0555555555555554
Boylston St at Fairfield St,42.348803822833936,-71.08236908912659,19,3849bdf753a318d6a9b7d7a1cb62c186,63,18,4.0588235294117645,2.0277777777777777
1200 Beacon St,42.34414898749529,-71.11467361450195,15,a5276fd53136b5c1eeb4d7aa5db405a4,63,8,4.138888888888889,2.0
Newbury St at Hereford St,42.348717,-71.085954,22,832fc4a60379cdc7824acb0c1dbf5f6c,66,18,4.0,2.0277777777777777
Boylston St at Dartmouth St,42.35019319808638,-71.07744187116623,19,cd299318baee6b2600b5e9f047a558ab,61,18,4.138888888888889,2.111111111111111
Copley Square - Dartmouth St at Boylston St,42.34992828230057,-71.07739206866427,31,9930aaf1ad9f4716ff669b09a5c4684f,61,18,4.166666666666667,2.111111111111111
