Station Name,Latitude,Longitude,Number of Bikes,Station ID
Orient Heights T Stop - Bennington St at Saratoga St,42.386781,-71.006098,19,553ed0300d38108b4f21a6bafa3db70c
Maverick Square - Lewis Mall,42.368844082898356,-71.03977829217911,33,93542dcbf21f5411569adb92cd7cc199
East Boston Neighborhood Health Center - 20 Maverick Square,42.369536,-71.039431,16,d9c7ef5dbda4ed944d1bf51fe540acb6
Bennington St at Byron St,42.383532520117896,-71.01619094610214,15,0568389e659e679fbe29a5ac12cd49c0
Boston East - 126 Border St,42.373312125824704,-71.0410200806291,15,47b79abc28a54d0e4689b1096ceb8466
Green Street T Stop - Green St at Amory St,42.310579,-71.107341,23,68fc84a359655b54175ddc443e79003b
Jackson Square T Stop,42.32293117195949,-71.10014140605927,18,24e99d91d84351d3e224e3d7ef2c7799
Dana Park,42.361780439606044,-71.10809952020645,19,3831590999fc4a7f52d08952a6bd045d
Newmarket Square T Stop - Massachusetts Ave at Newmarket Square,42.326599,-71.066498,15,af050e8bab271eeebf49b5407a09d415
Cambridge Dept. of Public Works -147 Hampshire St.,42.37119727759414,-71.09759867191315,19,1b7f50a75403e1f818b0b1dd81c09e9f
South End Library - Tremont St at W Newton St,42.341332,-71.076847,15,a45aabe9b54b087818818dc78372bc43
Roxbury Crossing T Stop - Columbus Ave at Tremont St,42.331184,-71.095171,23,045fd5ea449046d51d40934e65b46bb5
Prudential Center - 101 Huntington Ave,42.34652003998412,-71.08065776545118,18,8352a85030ab275739832c0680e2c5c3
South Station - 700 Atlantic Ave,42.352175,-71.055547,46,68dd25824f76cc3063f5120e674bfed9
Boston City Hall - 28 State St,42.35892,-71.057629,24,fe8d0aa13fd9937b7d09e4e26d5f0a8d
Wentworth Institute of Technology - Huntington Ave at Vancouver St,42.33758601097239,-71.09627097845076,13,3dc7433790fc03a6749498c3208a4e96
W Broadway at D St,42.3391085,-71.0514432,23,be6410ffefa71e9a6282fa1fdef1bf72
Commonwealth Ave at Chiswick Rd,42.34024644768889,-71.15168806174552,19,53b2eab86dedf34fc5076b83c40babca
Harvard St at Greene-Rose Heritage Park,42.36599432867437,-71.09522221614498,19,28ad0b0c32fada5379e37894bc8270e1
Cleveland Circle,42.335543083570826,-71.15061519672052,15,3c7100a8b2604b5a2b3f97410d1c1c5e
Blue Hill Ave at Almont St,42.274620671812244,-71.09372552493369,19,226a8b1a11e307e5ccd9f4eed3798783
Tremont St at E Berkeley St,42.345392,-71.069616,19,923c9498bf653bce81b9f5bf06f9c499
Boylston St at Jersey St,42.344650628878306,-71.09732501226972,14,7115914b22cf3889b39e0dc9621427dc
Union Square - Brighton Ave at Cambridge St,42.353334,-71.137313,19,1c69a2302d6c2221cd6057a3f97fc548
The Lawn on D,42.344792,-71.044024,18,f0683fe3086af95afeae07cc0357fd52
Talbot Ave At Blue Hill Ave,42.2945833,-71.087111,15,27bc407874cd3b5d121b1b20f2df0051
Washington St at Talbot Ave,42.290333,-71.071806,17,b4041d018c21afc75adbc34efc6f2a2a
South Boston Library - 646 E Broadway,42.335741,-71.03877,15,8414286d3232109891e1a2dfe396a59e
75 Binney St,42.36550728505653,-71.0801375997653,19,23249e795e83303adf47122b47d8b862
Huntington Ave at Mass Art,42.336585554561154,-71.0988699646623,15,336a4a6f3be821f7e5a679aa4d3ae5cc
Curtis Hall - South St at Centre St,42.309054,-71.11543,15,de412fd4ed57348bf9ec6bd7339b04f6
Hyde Square - Barbara St at Centre St,42.32176525723952,-71.10984160567114,15,f98ba2c9b1fb1563296760c08521dfcb
Egleston Square - Atherton St at Washington St,42.315692,-71.098634,15,f5577b56bb543db5cb15ae25621fe732
Linear Park - Mass. Ave. at Cameron Ave. ,42.397828,-71.130516,19,6cf4bfc8093794c40451d865b74e695e
Harrison Ave at Bennet St,42.34942609892521,-71.06209959843909,19,97e53011eccfddda7151347c1d702a99
Chinatown Gate Plaza,42.351356,-71.059367,19,2e4406867a3574184b0d6be7ede11d38
Mugar Way at Beacon St,42.355536284897084,-71.07286870479584,19,15656b7dfce074becc9fe4f45a2a18db
Tremont St at West St,42.354979,-71.063348,15,0670eb9d5937bfea133bd73ff534c764
Washington St at Lenox St,42.3350989929096,-71.07903778553009,15,9f87f7c7336c31701521ddc50d39be0a
Tremont St at W. Dedham St,42.34254913737952,-71.07421449387857,15,6ebcb005743f9a537feaa9b4e569e8a3
191 Beacon St,42.38032335045416,-71.10878612855231,19,b13ff60a280fd937eb5e724a433cda9c
Farragut Rd at E. 6th St,42.3334,-71.02495,23,14d397c0588d376d9be5da29016e63d9
Dartmouth St at Newbury St,42.35096144421219,-71.07782810926437,17,732b2c4db39060e57c324556b6661ffd
Belgrade Ave at Walworth St,42.28634589486312,-71.13672129828046,15,cf762de9024f8015246e7b81550d757b
Tremont St at Hamilton Pl,42.35668334969929,-71.06166645884514,19,ef314e9d54eaa29a3abdd17b2915765d
Perry Park,42.37927324600841,-71.10341902831351,19,defc876c78bb8fcc22934d1a49e6992a
Honan Library,42.36027370454934,-71.12852452327388,15,42d9b34dcbd877dfa9d702d0e0adedba
NCAAA - Walnut Ave at Crawford St,42.316902,-71.091946,15,e1eb05d342c7993b9628a687211b04ea
84 Cambridgepark Dr,42.3936,-71.143941,27,53955e5aa599eabd42cfd5b338a1c85d
Ames St at Broadway,42.3636929,-71.0875672,18,4cb75fa70b40661ab02c9c9f8fae60bc
MIT Vassar St,42.355601213279265,-71.10394477844238,53,943a5046e94d9462496182d9e38da371
Broadway St at Mt Pleasant St,42.386141411639564,-71.07828140258789,19,7834292992b37578067b345232346bad
MLK Blvd at Washington St,42.32143814183195,-71.09126061201096,15,3ef6b015b6284b4731db6b9e02a3d1cb
MIT Pacific St at Purrington St,42.35957320109044,-71.10129475593567,19,0e29fe31b281f3b6ca6f7c06c8eb7aa4
Brookline Town Hall,42.33376472623494,-71.12046446660315,15,171d66dfe7c34a2348eb9514d653fb1a
Purchase St at Pearl St,42.354659,-71.053181,19,4d51f6d4dc4b79326311d888ba73a86d
Porter Square Station,42.387995,-71.119084,19,272d2ed6d42ae8921f98b33d030519b6
Binney St / Sixth St,42.36608797388682,-71.08633603909765,19,608850557a2775d6ba499dbd1c765810
Harvard Law School at Mass Ave / Jarvis St,42.379011,-71.119945,19,d0d13765d45b5bdf356acd9b859b7b99
Packard Ave at Powderhouse Blvd,42.40449,-71.123413,15,f011b03ae269733cd81eb2058feeafe6
Harvard University Gund Hall at Quincy St / Kirkland St,42.376369,-71.114025,15,c3a13f2adb7762587acf15eec38bd91f
Bowdoin St at Quincy St,42.30785224238503,-71.06512248516083,15,aa2cadce93985cabcc8c1701a5c8be20
MIT Stata Center at Vassar St / Main St,42.3621312344991,-71.09115600585936,35,d14fddb02c64c81c4c9febd44968d294
Chinatown T Stop,42.352409,-71.062679,19,a35b80134814b7fd4592404b8ddb2a24
Harvard University Housing - 115 Putnam Ave at Peabody Terrace,42.366621,-71.114214,15,e7bf3cb1dd05da389680f35f83927905
Spaulding Rehabilitation Hospital - Charlestown Navy Yard,42.378338,-71.048927,19,6914c1962c64ca2a1c5f7bba047d9788
Commonwealth Ave At Babcock St,42.35154734791375,-71.12126246094704,15,e00981ae2721bdc7339d4ee00759f650
Colleges of the Fenway - Fenway at Avenue Louis Pasteur,42.34011512249236,-71.10061883926392,14,c039b478f4cd30b69758596ddcfd5cf5
Forest Hills,42.300923,-71.114249,40,f52e535ba7fd2385a733863f695c9bda
Columbia Rd at Tierney Community Center,42.33023070528729,-71.05060093123029,19,65ee88e1ea2b01d7775f2391eb81252a
Harrison Ave at Mullins Way,42.34521562115022,-71.0638403149278,19,8338b27741423582af34a18d4caa047f
Bartlett St at John Elliot Sq,42.3294633,-71.0901582,15,cfc97a94fde7ba82fdc7d86d41fbb4cf
Deerfield St at Commonwealth Ave,42.34924376955301,-71.09728209692548,19,70c72c7cb0115d461f7b3fac84e00f2a
Mass Ave at Albany St,42.36135837662249,-71.09670273977825,18,adb1a2a0b419c7f51c67f19721233a47
700 Huron Ave,42.380788172914286,-71.15412890911102,19,7bf7006cdf4a8afa8ad2b6948413ef6a
Harvard University / SEAS Cruft-Pierce Halls at 29 Oxford St,42.377945,-71.116865,17,066efb58cb770f3d708a4f83a11fb374
Albany St at E. Brookline St,42.33664795427071,-71.0689445958451,15,54064f3ff5f1d3c559d1a622464d208f
Sennott Park Broadway at Norfolk Street,42.36860524248197,-71.09930185605663,19,ac4c23b42cd05aa1ac939cfccb4e1340
Powder House Circle - Nathan Tufts Park,42.400877,-71.116772,14,ad43939d620ef225d35eafdb9ef9a29d
Davis Square,42.396969,-71.123024,25,8826fb6a8e69e2fd45f22d8ee1c1a8de
Ames St at Main St,42.3625,-71.08822,19,d5d8f74a35cbfb15b544ff984c9f2307
Harvard University Radcliffe Quadrangle at Shepard St / Garden St,42.380287,-71.125107,19,ad81792b682543ed97bf3188819c0b81
Lower Cambridgeport at Magazine St / Riverside Rd,42.357218503176526,-71.1138716340065,19,94ce3435b4ade8bcc9585e0887771ef5
Washington St at Rutland St,42.338514601785995,-71.07404083013535,27,05f50b281104f880804e0111662fecf8
Kenmore Square,42.348706,-71.097009,26,da1dc98bb8c74306eca078f7dac261a7
Seaport Hotel - Congress St at Seaport Ln,42.34881026188269,-71.04167744055303,19,a19e611442a8933b8f82774ce3966ace
Brigham Circle - Francis St at Huntington Ave,42.33462893055976,-71.10407917767589,15,96a2904d35d1297555d1d66c435ab29a
New Balance - 20 Guest St,42.35732921867706,-71.14673539996147,15,fa4feed48aece06cb19271e25dd799f3
Encore,42.39329263225162,-71.0724475979805,15,242c0790744799251df7beca0447c893
Commonwealth Ave at Kelton St,42.348358628170445,-71.13997217276847,15,ea78a31aab197a4a3785f99a4ffa3bc4
Ashmont T Stop,42.2856944,-71.0641389,15,462d0294297e73b55fe0832dff6fe85f
Mass Ave at Hadley/Walden,42.39120971915856,-71.12260755160605,19,3107dfaf0ecf92631330ea95572574e5
Roslindale Village - South St,42.287072,-71.127754,15,d6596e565ed51ac0304bc1f4a6021c96
Mattapan T Stop,42.267902,-71.093641,15,69444b8637e1511806664a38a0b7244b
Lesley University,42.38674802045056,-71.11901879310608,15,352815b0fd48c554845e499609a51347
30 Dane St,42.38100143038052,-71.10402522613185,15,bdfa3124016a1bb07fd174dd8cc0de68
699 Mt Auburn St,42.37500235137831,-71.14871613699506,24,31096eb4b1faaa246a35dfdd5a6492c8
Harvard Ave at Brainerd Rd,42.34953016890375,-71.13022770741735,15,42ba6b981a6676f8ffcf6e132ca1c01b
Gallivan Blvd at Adams St,42.28297567840305,-71.05466698296368,15,78972a7024b9bd851a61a1964abff721
Dorchester Ave at Gillette Park,42.344040510016356,-71.05737626552582,15,f835af662d1afc1ee1ae8ccfbab70aee
Boston Convention and Exhibition Center - Summer St at West Side Dr,42.347763454147454,-71.0453599691391,22,fbe59f14d93321aa504adc16f1081148
Commonwealth Ave at Griggs St,42.34922469338298,-71.13275302578586,15,338bbc5f3f1adf47da56ad7518bbb48e
MIT at Mass Ave / Amherst St,42.3581,-71.093198,27,c91bc9b7e63c282da005f7eac27f8d96
Central Square at Mass Ave / Essex St,42.36507,-71.1031,19,575e04966344a392bbbf9eccf09f029d
Brighton Center - Washington St at Cambridge St,42.34894857235593,-71.15027189254761,17,b0f4189efee3fe8e880bfffcabfff93c
Washington St at Brock St,42.3489528466951,-71.16031676530838,15,66d0f515f619b404c689211df256024f
Savin Hill T Stop - S Sydney St at Bay St,42.3106,-71.0539,14,52f7c777f0850cb03ceb546289c74649
University Park,42.36264779118595,-71.10006093978882,19,2073f8fbb163ff4e693cfad00f0dd64f
Bunker Hill Community College,42.37408991426522,-71.06905996799469,23,feba1b6e8c43b983bf48479cbacec840
Franklin Park Zoo - Franklin Park Rd at Blue Hill Ave,42.303469,-71.085347,14,3d5ed4d9f089974d5d0f0fc19ad17d9c
Columbia Rd at Ceylon St,42.309572,-71.0729,15,c2561905a4f6fad8c8bee1043bde9a6c
Troy Boston,42.343749,-71.062256,14,f0fc21e8403480413d2d2ac1d601d493
Park Plaza at Charles St S.,42.351828068920675,-71.06781138111728,19,8cb2ba26cedf70bb3e3b115687a6dd89
Sydney St at Carson St,42.32039374304257,-71.05355408051764,19,1e47c96dfeb247da804d4beeed2a65bd
Museum of Science,42.36769018024484,-71.07116281986237,19,bf75e5d4343945db9675efcc60d1bf12
Alewife MBTA at Steel Place,42.395588457167094,-71.14260613918304,19,246f58e0ae4db954e8dae72d11e19a81
Mt Auburn,42.37478628706384,-71.13320231437683,19,8482b3ad353c1e6e9e317296f41eb064
Huron Ave At Vassal Lane,42.381650612901176,-71.13426981498378,19,1eeeb634d10232efadcbb8396fee8b88
Franklin Park - Seaver St at Humboldt Ave,42.309796,-71.092225,15,fa1b93d10ff350bd1e7469a1db231aa1
Sidney Research Campus/Erie Street at Waverly,42.35775309465199,-71.10393404960632,19,1f822fdb6173d31544d095e4fd981415
Foss Park,42.39108438146733,-71.09039425849915,15,43eb3988f06f5b324fc9ae29d0a8faea
Kendall T,42.362427842912396,-71.08495473861694,23,69c98e683921460eecdb85a49a0f7b77
Grove Hall Library - 41 Geneva Ave,42.30791,-71.080952,15,bb5087ad1912ee66a53a0245ce50eef4
Roslindale Village - Washington St,42.28630716010807,-71.12820532182013,15,71c0c43e5adfcbc5754d8609d1c0f7ac
Roxbury YMCA - Warren St at MLK Blvd,42.31787329345602,-71.08243077993393,10,ea3c9ae5995449b37ad7db1727bd6dee
Verizon Innovation Hub 10 Ware Street,42.37250864997261,-71.11305356025696,19,8d970bd1cdb480aeebc10da260449e02
Third at Binney,42.36544486137399,-71.08277142047882,15,bbdda846f9d9d1b155d4a3614ed7ecfe
Warren St at Chelsea St,42.371848,-71.060292,23,a0fa77069d080a45d5e9290af54e9f46
Broadway at Lynde St,42.39648358247693,-71.06546759905541,15,33589b679639c87a536ac881face7d50
Edwards Playground - Main St at Eden St,42.378965,-71.068607,19,f10d6a600af972c6b5d7953c49d5c654
One Memorial Drive,42.361619320766856,-71.0804355052096,19,eb7a7c91c78b8fb7982c1310d52be566
One Kendall Square at Hampshire St / Portland St,42.366277,-71.09169,19,fce261dec8cf0d2593b65a7e8f726597
JFK/UMass T Stop,42.32033973515723,-71.05118036270142,15,9f6fae7b1b3a673377b452474ca2bcf1
Cambridge St - at Columbia St / Webster Ave,42.372969,-71.094445,15,582f82ed392b7b5c072a7bbe40a40dfb
Main St at Austin St,42.375603,-71.064608,11,1e356b3d262d3819ace481af4e2d4135
Cambridge Main Library at Broadway / Trowbridge St,42.373379,-71.111075,19,8386693bdc273780efffd5d5eb9aed7c
Longwood Ave at Binney St,42.338629,-71.1065,15,eb276799b6ebc22ee82f33566eb778b7
B.U. Central - 725 Comm. Ave.,42.350406,-71.108279,11,a5edb12b9f8d171ae1165a9a2ae1f644
Ruggles T Stop - Columbus Ave at Melnea Cass Blvd,42.33624444796878,-71.08798563480377,26,2b46609efdfe9b6d300bad1e817e1efd
Brighton Mills - 370 Western Ave,42.3615457081725,-71.13776206970215,15,ea09e29b591e36435fb8b78918651709
HMS/HSPH - Avenue Louis Pasteur at Longwood Ave,42.3374174845973,-71.10286116600037,25,d0ff6538806a4e5c46aa7e95f3fa47ce
Soldiers Field Park - 111 Western Ave,42.364263440638524,-71.1182756971175,15,b52b9b7b35eac94bff5cb2f6967150ca
Back Bay T Stop - Dartmouth St at Stuart St,42.34807412317439,-71.07657015323639,18,3c1cde4f3197b2599cc6140dc1ea4a80
Park Dr at Buswell St,42.347241,-71.105301,15,97a624904d68d950bc3c5016b4d4b28e
Shawmut T Stop,42.292917,-71.06575,19,15f926c6b0601bb45f2397e85fee8888
359 Broadway - Broadway at Fayette Street,42.370803,-71.104412,23,119f3ccd51ee15db7ff6f41bd497c601
Broadway at Beacham St,42.39836059620832,-71.06373842814719,15,bec1e7ce259575ad90178cfa9f298db7
State Street at Channel Center,42.344137,-71.052608,19,77b48a5112ce801c139722ae4d0edad7
Ink Block - Harrison Ave at Herald St,42.345901,-71.063187,27,0d0f6b413915f118e0c8c7e0ea107ffa
Chelsea St at Vine St,42.40328056972533,-71.04762639859473,15,b88fd0fad9168f030085889536ac18ff
Seaport Blvd at Sleeper St,42.35317809186252,-71.04817356923377,15,3eda44ce546b2d45a468cf7e2d0300a1
S Huntington Ave at Heath St,42.32760387040573,-71.11089169979095,15,ced361acc5ef864aa71260a0caa2dc92
Lansdowne T Stop,42.34734473177431,-71.1001680795016,27,b7b27ef8df5603f0476fb80646033f48
Broadway at Maple St,42.410346909767846,-71.05260457852637,13,6fb17aa11f7d7c681e5ac44d7478b869
Community Path at Cedar Street,42.39407223665884,-71.11133694648743,15,591b9b9624fd8c26c755250255b04a64
Williams St at Washington St,42.306539,-71.107669,23,d68b75ea345e415f1f13e0da99feef6b
Broadway at Central St,42.39517150121575,-71.09850591982195,19,55a3be70a759afd7dd2630ca764e3e64
East Somerville Library (Broadway and Illinois),42.3876281075134,-71.08318716287613,15,34f851114e5b238a1b9342729e0f5cfe
Assembly Square T,42.392232840046276,-71.07746601104736,15,bccde70d1e1cbaba15a5831057baeb1b
Shawmut Ave at Oak St W,42.34854543411198,-71.06559185315746,15,fa73e16335a18b7063558a81b1c655c9
Four Corners - 157 Washington St,42.304127927390155,-71.07929527759552,11,5cab52c2620fc92b384e46435a715190
Fresh Pond Reservation,42.38267827521855,-71.143478951426,17,c55f98cd397c770914c28a590e3ab90a
Main St at Baldwin St,42.380857,-71.070629,19,94467f4ac036f159a1be0dd07280cecc
Stuart St at Charles St,42.351146,-71.066289,15,1714951f74f4b116e42fc312dffa3be9
Christian Science Plaza - Massachusetts Ave at Westland Ave,42.3436658245146,-71.08582377433777,19,95fed99e3a4c8fd726a808cfe4bb2587
Packard's Corner - Commonwealth Ave at Brighton Ave,42.352261,-71.123831,27,43b6ca106693a73e04b23890e713ea24
Main St at Thompson Sq,42.374878467440965,-71.06383498767171,15,17c39ffd4398015ef42c243387f5eaa7
Commonwealth Ave at Agganis Way,42.35169201885973,-71.11903488636017,15,5bf24ef852ef0deecb6ac0d0852a9dd6
Grove St at Community Path,42.396386809455,-71.12011306006025,15,7c3a46de6b2673928fe18d91125e44ab
Murphy Skating Rink - 1880 Day Blvd,42.336448,-71.023739,19,0b0ef90ed68e023d65ed3b1c57eb6d36
Washington St at Melnea Cass Blvd,42.332817,-71.081198,19,294242dbc29d86a80477f22608479bc8
Rindge Avenue - O'Neill Library,42.392766,-71.129042,19,c199d7ad26651f605e7bb8778852a5e4
Alewife Station at Russell Field,42.396105,-71.139459,23,2b4e2a73580c8b3d22be6ea6480f0f30
EF - North Point Park,42.369885,-71.069957,23,e05d253ccb22c56ee8624c467c8d81f6
Danehy Park,42.388966,-71.132788,17,73935d28a37369a3e00400aacfb755f7
Kendall Street,42.363560158429884,-71.08216792345047,17,d797b3a092f9f889b1cf181ec17e1ae2
Oak Square - 615 Washington St,42.35057,-71.166491,15,9780cd14bba5099819fcd16c8bd8d897
175 N Harvard St,42.363796,-71.129164,18,ded434853a62ec9703f2484cca685c20
Somerville City Hall,42.386844,-71.09812,19,fc9d0d6dab0b0ccbb300289b4b2e92df
Central Sq Post Office / Cambridge City Hall at Mass Ave / Pleasant St,42.366426,-71.105495,17,39595521b8d76cff6372dc8355b1190c
Lafayette Square at Mass Ave / Main St / Columbia St,42.36346469304347,-71.10057324171066,15,295b9c9707dfc5ad38f5a26740a06b48
Harvard Square at Mass Ave/ Dunster,42.373268,-71.118579,19,559f6c10954fbe02c18f04cc0c2f7ddd
One Broadway / Kendall Sq at Main St / 3rd St,42.36224178650923,-71.0831107199192,23,718c75a2793e082b583eb41ef8344998
Harvard Kennedy School at Bennett St / Eliot St,42.3722168027866,-71.12188071012497,23,69d4f5841da11d211bd8329ab559ae68
Stony Brook T Stop,42.316966,-71.104374,19,969c73f46d2f1b00fa1347cbf0930e3b
Mass Ave T Station,42.34135615767354,-71.08336953450817,14,2fa11633436ad015c40f55b2230a934d
Charlestown Navy Yard,42.374124549426526,-71.05481199938367,23,bfd39deba9eaf0ee1414ab380cde84e2
Bennington St at Constitution Beach,42.385223935870535,-71.01063068965232,17,554ea90f967ccd7475e5c1114706f83b
Mattapan Library,42.2773889,-71.09325,15,7007f81362e1587f64c0fbfadf25b22a
Codman Square Library,42.2873611,-71.071111,17,2edf71db4c26403eb1a11b61f2a3361e
One Brigham Circle,42.333922701369964,-71.10446508982932,15,84d2e139470f4ad898c3eed7582aa63f
Medford St at Charlestown BCYF,42.380429474494896,-71.06055721676967,19,720d74e505e763b75d87e20e94201f88
Cross St at Hanover St,42.362811,-71.056067,19,4bf16679e6286a5cb72c1ae4526a3107
Dudley Square - Bolling Building,42.329842993518085,-71.08386572459494,18,2c9673616d210024b356d35b5dcc9692
W Broadway at Dorchester St,42.335958979433094,-71.04622899561036,17,15c6239bb6fdba5db9b441ea4c7694ca
Kennedy-Longfellow School 158 Spring St,42.36955297756508,-71.08579014980933,19,4cd1e9f309161524182f3b289aacc4ed
Discovery Park - 30 Acorn Park Drive,42.39790817368333,-71.14797130814623,23,0cfc11cbc3154390e0783e5e3a4441f1
Edgerly Education Center,42.38717463348314,-71.08714388528824,15,94cadf37da541c8efb38f5eb61a5b9ec
Stuart St at Berkeley St,42.34954403114251,-71.0724207387284,17,4aadce0983019fbad4868b249eca31f3
Congress St at Boston City Hall,42.36041774637169,-71.05752243543975,23,b7603039275c79d251ce77465451835f
Central Square East Boston,42.37544912547037,-71.03918548682486,15,a5b833831a8fc2b667fbf09894f2e01d
American Legion Hwy at Cummins Hwy,42.278811581565975,-71.11687703062671,15,fc1d2f7521518949d9e05738824a69cc
Surface Rd at Summer St,42.35294569782581,-71.05656400803126,26,3714ae87607d155f95be85badcf63d85
The Dimock Center,42.3193094317828,-71.09639923859504,16,682705cc2352e322168dfd520a43fed4
Jamaica St at South St,42.3060456272408,-71.11570891001975,19,b620991ddec43adcded54ce2d0a801bd
Centre St at W. Roxbury Post Office,42.286331991127746,-71.15344755369732,19,70c5f11e9cb1b10d53ca14cf9c270906
Centre St at Parkway YMCA,42.28277901074054,-71.15728851416861,19,da5c532de7335881c803bb0c6edd6187
Spring St at Powell St,42.277484442008216,-71.16341467955863,19,a45b2763eb84e37c3253d691793e64f5
Berkshire Street at Cambridge Street,42.37207657915397,-71.08995433905875,19,97bbb1ffbf3aa57b89b8ea6d96cfb852
University of Massachusetts Boston - Campus Center,42.31218918475612,-71.03648586203235,19,f218d7063b0b2efef761e9e74a435475
Maverick St at Massport Path,42.36774122306014,-71.0333597474255,15,fa5f34ab69f94ed966e4ec927e49cbd1
Boston Landing,42.356560923089404,-71.14167537549292,17,cf81abd79a805d80a0acdd937b642036
Sullivan Square,42.384452256358436,-71.07514854529654,19,85a335a007dec79a75612ddf9c983114
Whittier St Health Center,42.332862884862635,-71.09218861916816,19,095d4c6cb8bf7c88f3db55d1b65ca22e
Hyde Park Ave at Walk Hill St,42.29606704649873,-71.11601199963843,15,ce50027bd35ab0696f913a5824251cb8
Charles Circle - Charles St at Cambridge St,42.36079296858265,-71.07118962337152,19,1668c925d529390497c9464f08b57613
700 Commonwealth Ave.,42.34960945333059,-71.10391523698127,16,f07c1d1cec45c70a0978421f33fbc0ef
Geiger Gibson Community Health Center,42.31886468217537,-71.04536797860419,19,aa11612d2601810e571ca29ae73f4c53
Wilson Square,42.38567578752914,-71.11412136298895,15,c6ffb8fd91bc90f5485d92b241643892
Glendale Square (Ferry St at Broadway),42.41427294293992,-71.04479655659816,15,9293cffbb574306294ed270fc1ff103d
Brookline Village - Station Street at MBTA,42.33274392304887,-71.11626680949485,18,e87b9f4442359c5921ebff3cfdc79d71
Columbus Ave at W. Canton St,42.34474224772802,-71.07648162175792,19,f8dcb519a5af9972a48aaa75873a7da3
Washington St at Waltham St,42.341574718737476,-71.06890439987183,15,51de800a1840b4a6b2a271ca19243db4
Cambridge St at Joy St,42.36125721646537,-71.06528744101524,15,23b790b9b4670e3545c79aaf85d39378
Magoun Square at Trum Field,42.39778339961249,-71.10594004465383,14,2a75a9793da9b8ccadb3cd415ed425d4
Landmark Center - Brookline Ave at Park Dr,42.343690557197476,-71.10235286881107,15,bafb7ee08bd0293cabfcea906717bf7b
The Overlook at St. Gabriel's,42.34679008347347,-71.14549813806661,18,0ce75736538979dbe5f6ce7398327d6a
Boylston St at Massachusetts Ave,42.34740620525209,-71.08678414955648,15,26943bb9cd5ba6a8fe5c2ba60133240c
7 Acre Park,42.41143222973408,-71.06823265090497,15,b84ce527bb3adc5f5a1be2d35f8a32ea
Government Center - Cambridge St at Court St,42.3598253979878,-71.05979576244862,35,d8cdcd32f832e97e4d41d50dbbf9b119
Coolidge Sq.,42.372076114722866,-71.15683130688922,12,69e8614b772b98797bbd9680cabc742b
Watertown Sq,42.365260317694485,-71.18573324459247,15,358d7c6a3af2a223278c768cc6f02352
Graham and Parks School â€“ Linnaean St at Walker St,42.38294430172271,-71.12449831038248,19,b9745227e3ce703f035e26051967bb54
Smith Pl at Wilson Rd,42.39239749145834,-71.15058331757609,19,c86418d7803faa6458577768e481af53
Gove St at Orleans St,42.37057753242139,-71.03558540113227,19,1ce3df227afc162221da825b5d64ed4b
MIT Hayward St at Amherst St,42.36085937353302,-71.08551858007559,27,dd80c15c07d623dc5d0ff21e444dfdcb
Arsenal Yards,42.36277388549605,-71.15764854490408,15,8ceebb2c5d7e650b98c1f357cc27ad1c
Swan St. Park,42.412504507772105,-71.05842225271772,15,8db92ea8de37e92a1a4dcc9ebfc38468
Wasgott Playground,42.4093300667225,-71.06381878293178,15,ac6226b7f47085f4285f0d328bd7dc3d
Galileo Galilei Way at Main Street,42.363003781560096,-71.08974037706501,19,8a7bf83248ef53141b24b11439b8201b
Thorndike Field at Minuteman Bikeway,42.40016804853787,-71.14456963094199,11,0f7d14271f73ee0fa0e295a9f574393f
Kearins Playground,42.406161241322444,-71.06041654944418,11,ba7c8d6bbc4dec7028026a5000ebf873
MIT Carleton St at Amherst St,42.36054174140606,-71.08669817447662,27,94fbf085f14ca2fb047c5f73d82fd0d7
Revere City Hall,42.40741,-71.0139,11,5059089c60fe9e54355a3e89876677cb
Revere Public Library,42.408088,-71.008942,11,e7418148fff61062d4b1431e18252fbe
Community Path at Lowell St,42.392525,-71.105587,19,c8fe4ef59cd994f19ede2e2974ccd4e9
Day Sq,42.379295,-71.027733,16,9c3d4178bddc92bce003eb65ff1ea831
Martha Eliot Health Center,42.324173,-71.10196,16,58f73aafa0e24c6eb499c1b8b55cf314
Blue Hill Ave at Havelock St,42.286012,-71.090986,18,166efdbfa3e9bae504312ec2c1c807d9
Harrison Ave at E. Dedham St,42.339194,-71.06975,19,88208143860cdc5657415f8da7548f0d
Harvard Stadium: N. Harvard St at Soldiers Field Rd,42.368019,-71.1242,15,932bb6179f18fc56aed1472da78a29a8
2 Hummingbird Lane at Olmsted Green,42.28887,-71.095003,17,2dd157a9b7db5cf0e7a17edae0e05b85
Innovation Lab - 125 Western Ave at Batten Way,42.36371276003581,-71.12459778785706,19,87706c66ea0565951625cfe6d551e0cb
160 Arsenal,42.36466403441681,-71.17569386959076,11,da929830a97362be824a07bf28524ed6
Cary Square,42.398135645582464,-71.030709722545,12,8e4b15c66b8e310e1642cddf6c071763
Chelsea Square,42.390226711033826,-71.03857017704286,11,c50df137b15bd3cb066f2914c25e20f4
Broadway at Gerrish Ave,42.39453079292221,-71.03085594484583,11,04a62029c1f7ba571570d4daa01be051
Chelsea Station,42.39636527849676,-71.03987179230899,11,88d8b1dc28310bb481ce9a5652893a7f
855 Broadway,42.398417726101584,-71.02390923402707,11,bb7b485ab3d31c2eef701bf82bd9740f
Nichols Ave. at Watertown Greenway,42.36762048745005,-71.1565663665533,12,7d0d709888e7436cc6c859da175b0506
JFK Crossing at Harvard St. / Thorndike St.,42.346551241753566,-71.1283321143128,15,050856f67e551c52b12f0e807cea52b2
Cypress St at Clark Playground,42.32784317478686,-71.1253622174263,15,4067327d18fcff83a287d6e93ef48597
Linwood St at Minuteman Bikeway,42.40935395518158,-71.14906518727366,11,06257df257eaea0ac7a572e27f5cf67b
Conway Park - Somerville Avenue,42.383638948222654,-71.10853672027588,23,c98b625c29944b77809301f860967d9b
Bellingham Square,42.3931961102951,-71.03344559669495,11,a3b1e801bf1b7d858a9fd3aef6995c06
Inman Square at Springfield St.,42.37426713524931,-71.10026478767395,25,d25bb6eca6127a338dd04fe351a81056
Union Square East,42.380078,-71.090098,19,dfb7fab2fb2204493dcfd76cb9c5fb84
955 Mass Ave,42.36895180540729,-71.10998779535294,19,665c6aff87cd30ef1d62e71986cc62dd
Salem MBTA - Washington at Federal St,42.52345239346618,-70.89611113071442,13,376ff21962da47ccf4a2ff97b81b3ee2
Mayor Salvo Path at Mill St,42.51803519796769,-70.89570075273514,11,1e69a9ab51d8588268a1f037c55e0b6b
Shetland Park - Congress at Peabody St,42.51836788262243,-70.88952362537384,11,4f827f49fe3e342e2111e65b47f9920a
Lafayette at Leach St,42.51142784358897,-70.89183300733566,11,348016d77c9b6a9fe710ab523b4969d2
Salem State University - Bike Path at Loring Ave,42.50182398896298,-70.89478075504303,15,73a9f1cefa1775e08c190f29525497e8
One Beacon St,42.358477644348106,-71.06135129928589,16,eb434d3aa3e2366ebbb184f483898570
Foley St at Grand Union Blvd,42.39301840035393,-71.08071684837341,19,a9252407eff896dfcf8b3fa5812cd482
Vassal Lane at Tobin/VLUS,42.38536765218425,-71.13775670528412,19,a23c3aaf0848916ebf6dd899b5f37876
Harvard St and Stedman St,42.3443517550051,-71.12490355968475,15,177cef4e54cc80f67af8e3ceb71c3422
High St at Cypress St,42.32464510949409,-71.12135231494904,15,8b8f6118a40499a57f9df551b79159e5
Concord Ave at Spinelli Place,42.390719,-71.1538877,19,8a5921ecd94e764ea9774ccb669d2c8f
Danehy Park at New Street,42.389456,-71.139019,19,f3fd28041e47ccd6de0bec5e46e877be
Clinton St at North St,42.3607028354884,-71.05524927377701,18,6f7ee9617d909b38b9123e7a6326d036
Circuit Drive at American Legion Hwy,42.29704126420948,-71.09171926975249,19,95fb30f46841570a2077b43b23ba287e
Walnut Ave at School St,42.31242399029812,-71.09616905450821,19,a4a39942d418e74869fcecc45556c009
Sumner St at Shirley Ave,42.408337058129746,-70.99804848432541,11,a6941a8eb4a8d3dbf0239e93041e3e63
Orr Sq (Shirley Ave),42.40715655698643,-70.99272429943085,11,a6c3f131220ce78153ea71d2e687678b
Old Morse Park at Putnam Ave,42.35766247889882,-71.1084133386612,15,bfff231a0a237357b4a1bf65ac5694e6
Morton St at Gallivan Blvd,42.278747,-71.080286,15,3a903ed40eea7b4fe963df312622dcd3
Cleary Sq,42.2556,-71.12444,16,75e0071675cfdddf2417d21646797abd
606 American Legion Hwy at Canterbury St,42.28578,-71.109725,18,4163241fca6d81c83597fa7490326b11
555 Metropolitan Ave,42.2681,-71.11924,18,ef9f8b3bfc9e65c2a8132523e3cd6f19
Valenti Way at Haverhill St,42.36473898691789,-71.05934903025626,24,d83737b992140ea13987ca4fc7461e7f
Somerville High School & Central Library,42.3864,-71.09601,17,57828ca2834f9d033095acdd440fd3f1
Marion St at Harvard St,42.340122426966424,-71.12070563810447,15,1718a45b58212ab2c029d6a11602fdb2
Cambridge Crossing at North First Street,42.371141,-71.076198,23,9a7f5ad1aa63f0d2efd476a8e744ca49
Nashua Street at Red Auerbach Way,42.365673,-71.064263,36,2601ac8e4decf87d75d824fa7e47b9a5
Forsyth St at Huntington Ave,42.339202,-71.090511,15,5d3e86535685ca7ab149e612d40205ac
Railroad Lot and Minuteman Bikeway,42.41606457115141,-71.15336636682059,11,3a6dad99cda1291acb9325c283eba240
Rogers St & Land Blvd,42.366446738529454,-71.07654601335526,19,9615ed8e82f5eb75aadb493f9d283b62
Hyde Park Library,42.2568376,-71.122509,15,5bdc7f7c2fdddcc38618ce51d48d6afb
Harvard Square at Brattle St / Eliot St,42.373328798874056,-71.12098601080106,15,dc41960256edd3fb3aabd95e1a6f05cd
Ross Playground,42.2645666,-71.1145523,19,44090012127c965a32e7f989dbdf50a1
Galileo Galilei Way at Fulkerson St/Binney St,42.3664204,-71.0885418,19,3724ceac55e416b9acae4f87bde8a6c6
Aquarium T Stop - 200 Atlantic Ave,42.35991176110118,-71.0514298081398,23,9c85a06bb914c9897dda64fc412498c4
Fan Pier,42.3533905070523,-71.04457139968872,15,6328b02e699fed54f327e9bb8e51e2ec
Lewis Wharf at Atlantic Ave,42.363871,-71.050877,19,d27a92570184af7220c3130dace0e347
Seaport Square - Seaport Blvd at Northern Ave,42.35148193460858,-71.04436084628105,23,5bf7e1226592f7ed603ce0690fa6a566
Surface Rd at India St,42.358155,-71.052163,19,0f6de24ee3d6995945a685ecb9fe5771
Rowes Wharf at Atlantic Ave,42.357143,-71.050699,14,2cce02b482530e0086ad9f529fe48c2b
ID Building West,42.344796,-71.031614,19,b03546e29d60dde109fa231ff93c88b5
ID Building East,42.344827,-71.028664,17,997d209a53d13471372a1145c32d663a
The Eddy - New St at Sumner St,42.370744,-71.044201,15,8ece5437df6558cd259deb3b2af0e25e
Watermark Seaport - Boston Wharf Rd at Seaport Blvd,42.351586001198456,-71.04569256305693,15,2893854c4c64eb00b7cbac5381c3e6c5
Porzio Park,42.364119035231525,-71.02876782417297,17,46ce3f72c8ebd4f9ccd451702b230c73
645 Summer St,42.341780891371904,-71.03987016504107,19,065506e948cfe5e52fffd87db9f203ec
Congress St at Northern Ave,42.3481,-71.03764,13,036ab7e3f20a35bce54f4497aa2470b9
St. Alphonsus St at Tremont St,42.33329254719182,-71.10124647617339,17,6a7aab7f4f45b81236d5bf9e80840b7e
West End Park,42.36590788445084,-71.06446668505669,35,9e6a8c665def7b9475f618f73bf16e2e
Pier 4 Blvd at Autumn Ln,42.3502102,-71.0446705,19,b2a55a314d5e3aa767db25d31ff88b4c
Flat 9 at Whittier,42.33420351352245,-71.08767616843123,15,41a56ea4c0f3a90b36b298bd7b4e6a2a
Roseland St At Dorchester Ave,42.2911685327193,-71.06300890445709,12,3c53d7c67f81c4f5328eb183a041913b
Hawthorne Boulevard,42.5223714,-70.8903331,9,02322cbd5e16c8e316d500b3d0836a42
Silber Way,42.34949599514002,-71.10057592391968,19,0e0da5c27581d937fba4f8f2d3a89d3d
Child Street at Brian P. Murphy Staircase,42.371976784679745,-71.07200495972165,23,4e0e3d41010dc3493ffa0a6525f46c8c
Union Square - Somerville,42.37964789967527,-71.09540475672475,19,be411640ce6cd322a4395f4e9c8e1294
Tremont St at Northampton St,42.338431795290944,-71.08169049924982,19,dbfbe00268b1f22eba157841e4961eaf
CambridgeSide Galleria - CambridgeSide PL at Land Blvd,42.367074071490926,-71.07679277658461,15,3c7c3c895d64146cfd576c4c52ed38a1
Raymond Park at Walden St,42.38736953747185,-71.12761001482795,19,4e493f21f21597a5980ade94ce92e2a9
Wellington MBTA,42.4023682,-71.07573182424781,19,a6da5fbf35b021a477e4800fb68bdbf5
Main Street/Albany Street/Technology Square,42.3629016,-71.0915669,23,3128288fe0d688a63dfe1e80c8cc96db
Gilman Square T at Medford St,42.3867355,-71.0946444,19,82c7eba73fec23041cd12136cf5f99d0
Shawmut Ave at Lenox St,42.33584612997077,-71.08038157224655,19,eb14c31ea7e061c9d3d0ce27083dc722
Hood Park,42.38004534693313,-71.0730457305908,23,f42d12553e816325888c0ad39698c57c
Salem State University - North Campus,42.503332,-70.891444,11,ae35d252303ccde18bf5b263b19aa832
Essex St at Dalton Parkway,42.516223,-70.905535,11,da7b6ca70afdedff21d877bdfc6ef3d6
Forest River Park,42.506395,-70.88693,11,d772bea4cd5542118740e50a045642f1
Harvard University River Houses at DeWolfe St / Cowperthwaite St,42.369239074859216,-71.11687034368515,21,e6459d13e1ba4b710b7adceab914191d
Salem MBTA - Lower Level,42.523994,-70.89684,11,392136e1359941462ac713ed226529cd
Community Life Center,42.520136,-70.906271,9,99ad460cb98114fe2739ecb32b593b80
Goodhue St at Grove St,42.520897,-70.910528,11,f30d2eaaf303e9cbf262159fca57f655
Tappan St at Brookline Hills MBTA,42.331370168043215,-71.1268836054569,15,a51c0ee1f8455b81a4496786ee2ec0a9
Main St at Brooks Park,42.411709,-71.110444,11,ae9051a06971b16cfda3ca3bd4caf313
Medford Sq - Riverside Ave at River St,42.417724,-71.108102,11,7747edb781e3cbfa6360fee241c8696c
Tufts Sq - Main St at Medford St,42.401697,-71.106128,11,d61127e845d8c1ed707b427382d56b68
Gore Street at Lambert Street,42.373079797934935,-71.08634233665725,19,5a0ea72253f37a1bea9c74fdd6d58fac
Broad Canal Way at Third Street,42.36304549626695,-71.08287078916874,19,c0202106f9dafc27fe7ca936b3c7bea0
Malden Center T Station,42.426541,-71.073179,11,f2ea69e0df0d69b14546b725b1e16d2b
Northern Strand at Main St,42.42386,-71.067793,11,18441e804b01396142783dc4eb710599
Gramsdorf Playground,42.408156,-71.0429,14,c63ca3e6762670c00202ff4d623e0d4d
Teele Square,42.40087950159558,-71.12590793383788,15,8979bdb8e1bd2f197731eae67dae641e
North St at Liberty Hill Ave,42.52989964975891,-70.90614259243011,11,a4b92e11f1f274697e5a003060f59bbb
Malden High School,42.426537658440544,-71.06393694877625,11,4fda90b9aac087d19b0b629f86ef1528
Airport T Stop - Bremen St at Brooks St,42.37410287664702,-71.03276431560516,15,ccf4122b9e364cfca1114d5f71bfb352
John Ahern Field at Kennedy-Longfellow School,42.36903566594827,-71.08630959910442,19,504a950d94c81aeb5a45a20a1355996b
Everett Square (Broadway at Chelsea St),42.40743489432222,-71.05533242225647,14,97efe98fa777dd52c96e9a3c41cc66e2
87-101 Cambridgepark Drive,42.395221870310664,-71.14421904097979,23,5af7166601bab77b7a271441860187b1
Broadway T Stop,42.343048583900966,-71.05803430091328,19,77fa4c1cc4fa3388022fdd8106df756c
Boynton Yards at 101 South Street,42.375447604963405,-71.09117388747109,19,8de377f7be5f3de143c97b515e594ecb
Washington St at Myrtle St,42.3817508,-71.0839523,15,bd823becb292c951994a6ec361ccd692
Clarendon Hill at Broadway,42.406302,-71.132446,15,3f002b9808de30c28132f3cde02667be
Craigie at Summer St,42.38831607584243,-71.1106824874878,19,dbf97b2924cf9c7f5e83e0b8dbd559f2
Beacon St at Washington / Kirkland,42.37875351212593,-71.10707223415375,19,74a84532f559a506cf6a06e5caa0d17e
Somerville City Hall Annex,42.39189811591863,-71.09745375830244,19,6ad3e21a8db604868bb6bd990e104fa4
Elm St at White St,42.38952436305763,-71.11694140364307,19,def148dc8b71d5ef227f9db6f501aed3
Ball Sq,42.39936816059618,-71.11111521723615,19,f80ef5472ff241af97bd5a0bd423949b
Somerville Hospital,42.390446216041305,-71.10856622457504,15,85b518a76c2b3266738a62569f05bca6
Piers Park,42.36501119822304,-71.03528559207916,15,222323fdc33e6a744d6aed7db2b7b89d
Glendon St at Condor St,42.38240377674137,-71.03024303913116,19,c01275ef8ceddd3df7f7d1b93326a90b
Addison St at Saratoga St,42.38518146513944,-71.0151367,19,2cb9278b9e7b07e6d0e8294ff547dcb6
Marion St at White St,42.38066930871317,-71.03907315999093,19,c86c7e9d314e9f2abd710919ccdf9b59
Burlington Ave at Brookline Ave,42.345733,-71.100694,15,134d7392f7c21ba561437058296d6928
Western Ave at Richardson St,42.361787410661876,-71.14393111327445,19,202b71b415a3dff92063dc1ac2b8b7ef
Washington St at Egremont Rd,42.34286835071959,-71.14127840855872,15,46d2512741dfc236f66c050dee0845b4
Canal St at Causeway St,42.36530094929082,-71.06092190993877,23,464b7395242e4d68eeb517d9879ad1e8
Broad St at Central St,42.35849449039304,-71.05426469875965,15,6a86f88d17cc7ef5684ae4adb821b92d
Blossom St at Charles St,42.36435589027983,-71.0695936904267,15,85bee2c1d13357c7617469e09b3df773
Boston Medical Center - E Concord St at Harrison Ave,42.33639915372498,-71.07306711393903,19,59d187e5da5008023ce696fc782d39d6
Arch St at Franklin St,42.355335019412564,-71.0582291708306,31,e85796a65eb38a98bd3af81999c079ad
Uphams Corner,42.31727474327453,-71.06537003967787,15,e657d1efe91e21a9f2314b9bb6270f25
Uphams Corner T Stop - Magnolia St at Dudley St,42.318697341722434,-71.0697814822197,15,fc838ae545f5744d24cc84c44da26215
Walnut Ave at Warren St,42.324081,-71.083235,15,c432d994e87baa306e85e8a27d38ce87
Morton St T,42.280725142920296,-71.08617242434775,15,82b7f11c01a1c32993d8ef085b58699a
Dudley Town Common - Mt Pleasant Ave at Blue Hill Ave,42.325333,-71.075354,15,9c8f4caab97924404b606289e7611f4a
E Cottage St at Columbia Rd,42.320561,-71.06198,19,562b27a16779c09377a90b59136b8a85
Fields Corner T Stop,42.299633488420625,-71.06068975823291,15,2968d3e6582d4ee6106e7504be64ee27
Park St at Norwell St,42.29442578670662,-71.07821760713703,15,08e1c69278aa25f891944355cc9cf214
Thetford Ave at Norfolk St,42.286212948246096,-71.07942931372236,15,4de5af095ce48ad1617d2bf0926b9d73
Archdale Rd at Washington St,42.29266592872725,-71.12119538714069,15,3e854784ea620377c89ea23c5a77cfd5
Northbourne Rd at Hyde Park Ave,42.29118034790426,-71.117736660035,19,473eaabefdb4b9574dfd8476e068bdcb
Mt. Hope St at Hyde Park Ave,42.28484472443536,-71.11874517062459,19,a9ce664fad467587a0e77814be73840d
American Legion Hwy at Hyde Park Ave,42.27265394101898,-71.119903922081,19,7b1e1556059e61f2010353459e4d5e7a
Knoll St at Centre St,42.29376656473529,-71.1365658044815,19,c4810312f03d4e6e06e27de29f245b2c
Bellevue T Stop,42.28611420958351,-71.14636927843094,19,b3cd9038b5aab09db6d3151f070382fa
Watertown Town Hall,42.36759307632294,-71.18751436471939,11,80ca200705ab32ecc5351abcbd64b9d3
Salem Ferry Landing,42.52189284110247,-70.8806911110878,11,878669799b3ad642f6e12f65cb098a99
Centre St at Washington St,42.35574334805774,-71.18641942508475,11,f6d655a897cc0e6dd2dbac8e6c14d6c5
Washington St at Fuller St,42.281986277339136,-71.07147924620222,15,416f09144ff70078792b08fb991bc2a4
Washington St at Crafts St,42.35389024396587,-71.19943707257335,11,6c894e61994ae44b0b82f052d004e6e5
Washington St at Bowdoin St,42.299164979365884,-71.07345871645519,15,180c53f6b8d02cfec25fdcc538a3b7c7
Bacon St at Washington St,42.35711920909866,-71.1860453666327,11,3c2ee87b52748fa80f7d4035febd23a5
Nonantum Library,42.36068455768156,-71.20146199598821,15,b84e25fdd51980b813dc0dbb790002f0
Washington St at Walsh Playground,42.277194696397906,-71.06955613950048,19,b76b0c1efe6b1b40a3897597672963e7
Ryan Playground - Dorchester Ave at Harbor View St,42.317642,-71.056664,15,122be9f4f54881d9923e0ad6f490c3b7
Adams St at Lonsdale St,42.291679428741226,-71.05726346409938,15,323224e1c8b9ad7aa0f47345b17d863d
Langley Lot,42.330528,-71.192861,11,68f76d249df14835831459c05b400e49
Beacon St at Charles St,42.356052,-71.069849,19,89b265da9780207db64adb0b1a43a2c6
Watertown St at Albemarle Rd,42.354104081396585,-71.21382214128971,11,e484feaad86b26a0cd1e615bf2e9d898
Clarendon St at Newbury St,42.35159662465317,-71.0756166279316,19,a19e593f6f9db3c475011da1e3eb7858
Centre St at Seaverns Ave,42.3121203,-71.1142981,15,351df3cb6369643d20def3f29d0b71f3
Newton Highlands T,42.322065656952944,-71.2063729763031,15,4b54510fc0ba3de2a575e01c5416614d
Boston College T,42.33987891612856,-71.16708934307098,17,9ed9ef745944a7870acbcd6aab4fad1a
Hyde Park Ave at Arlington St,42.26286746177123,-71.12163126468657,19,6c397db23f8c36994a69e8af77c4eec7
Washington St at Denton Terr,42.280728147169015,-71.13423757273267,19,9df3289b08ac3c4a064647543398171f
Beacon at Walnut,42.330062324402995,-71.20668411254883,15,8259466342a4808c7da5ee83bbe71d07
Auburndale,42.34805541493346,-71.2477594614029,15,7432d9fc8e918a6cb3f04224737f18de
California at Chapel,42.365148708129546,-71.20236039161682,12,e9ba9fc146d759d8089281f35592dc0b
Newton Library,42.336203368830134,-71.207794547081,13,5db66e91e9b931040df60b1f4ab5356f
Washington St at Walnut St,42.351458116963016,-71.20764970779419,11,4e1007c2a121f272e7516a8d6e03ef12
Blue Hill Ave at Southwood St,42.317860205899876,-71.07798628527235,15,7d9407baeadd75c5bdf12c8d51a1e613
Massachusetts Ave at Columbus Ave,42.340814,-71.0816197,14,0aae4326752a86b8a33754617c76c982
Centre St at Commonwealth Ave,42.3362358,-71.1934421,11,f4560f5bd8da755b034cd8d36c3a9e14
Hayes Square - Vine St at Moulton St,42.377022,-71.056605,19,584e8e6d0342d4247ab252e3afe8f825
Post Office Square,42.35585435522005,-71.05459745998814,19,1a8691366b080d2cce91d233ecc5e6c0
Congress St at Sleeper St,42.351004495946704,-71.04930013418198,19,d3b31cb8873c062a7b7cd952cd2ca8c3
Washington St at Peters Park,42.34303291130257,-71.06688730436872,19,24413cb08a7091f6d6ef8fc9ff6ee876
Andrew T Stop - Dorchester Ave at Dexter St,42.33073332585453,-71.05699850837482,15,7e5bd59854a8d0ed00c0335982b779b1
Brighton Ave at Linden St,42.3528376,-71.1296752,19,563c0e7af25efac44a5817e8951792c1
Northeastern University - North Parking Lot,42.341814,-71.090179,15,0ebfbd58421465842f99d4e20c0188a8
Boylston St at Charles St (Temp Winter Location),42.35258524849636,-71.06770277023315,31,e4054a2e7dc783206f46f58c7c9c2a00
Mass Ave at Grafton St,42.40726052447951,-71.14382132425817,11,a4139b66ec68fa2ed3a2c1e516dd97e9
Broadway at Grafton St,42.40994213011757,-71.14009319811885,11,b97b6b6c1101dd15f7f158d447182be7
Mass Ave at Broadway,42.414202132001854,-71.15051883389242,11,4c52c304c14c18d0b688e05ebd226dde
St Mary's,42.346197076555455,-71.10728681087494,15,3f6b594b3a37e0e10aadf7fe1cfd26e4
Washington Sq,42.33985827126298,-71.13421171095978,15,319addb12c18e576e77ff1edbaff163d
Beacon St at Tappan St,42.33826680058037,-71.13894682028331,15,553777ea4bfa8e1e07dcb049964f3075
Coolidge Corner - Beacon St at Centre St,42.341598,-71.123338,19,f5cd79c9dd25baf7099ff87f1837686a
Boylston St at Berkeley St,42.3511419825475,-71.07329249382019,15,878d4eee7eb6ae036df106153075ef88
Boylston St at Exeter St,42.349589423682445,-71.0794677917329,19,73d28f83de4d08b6bbf9aa4b7fc6e045
Boylston St at Fairfield St,42.348803822833936,-71.08236908912659,19,3849bdf753a318d6a9b7d7a1cb62c186
Central Ave at River St,42.27094707029229,-71.07337901405117,15,95aa5117b3fdea2ad2372c7aa74f62f3
1200 Beacon St,42.34414898749529,-71.11467361450195,15,a5276fd53136b5c1eeb4d7aa5db405a4
Newbury St at Hereford St,42.348717,-71.085954,22,832fc4a60379cdc7824acb0c1dbf5f6c
Boylston St at Dartmouth St,42.35019319808638,-71.07744187116623,19,cd299318baee6b2600b5e9f047a558ab
Copley Square - Dartmouth St at Boylston St,42.34992828230057,-71.07739206866427,31,9930aaf1ad9f4716ff669b09a5c4684f
