ID,Station Name,Latitude,Longitude,Number of Bikes
0,Orient Heights T Stop - Bennington St at Saratoga St,42.386781,-71.006098,19
1,Maverick Square - Lewis Mall,42.36884408289836,-71.03977829217911,33
2,East Boston Neighborhood Health Center - 20 Maverick Square,42.369536,-71.039431,16
3,Bennington St at Byron St,42.383532520117896,-71.01619094610214,15
4,Boston East - 126 Border St,42.373312125824704,-71.0410200806291,15
5,Green Street T Stop - Green St at Amory St,42.310579,-71.107341,23
6,Jackson Square T Stop,42.32293117195949,-71.10014140605927,18
7,Dana Park,42.36178043960605,-71.10809952020645,19
8,Newmarket Square T Stop - Massachusetts Ave at Newmarket Square,42.326599,-71.066498,15
9,Cambridge Dept. of Public Works -147 Hampshire St.,42.37119727759414,-71.09759867191315,19
10,South End Library - Tremont St at W Newton St,42.341332,-71.076847,15
11,Roxbury Crossing T Stop - Columbus Ave at Tremont St,42.331184,-71.095171,23
12,Prudential Center - 101 Huntington Ave,42.34652003998412,-71.08065776545118,18
13,South Station - 700 Atlantic Ave,42.352175,-71.055547,46
14,Boston City Hall - 28 State St,42.35892,-71.057629,24
15,Wentworth Institute of Technology - Huntington Ave at Vancouver St,42.33758601097239,-71.09627097845076,13
16,W Broadway at D St,42.3391085,-71.0514432,23
17,Commonwealth Ave at Chiswick Rd,42.34024644768889,-71.15168806174552,19
18,Harvard St at Greene-Rose Heritage Park,42.36599432867437,-71.09522221614498,19
19,Cleveland Circle,42.335543083570826,-71.15061519672052,15
20,Blue Hill Ave at Almont St,42.27462067181224,-71.09372552493369,19
21,Tremont St at E Berkeley St,42.345392,-71.069616,19
22,Boylston St at Jersey St,42.34465062887831,-71.09732501226972,14
23,Union Square - Brighton Ave at Cambridge St,42.353334,-71.137313,19
24,The Lawn on D,42.344792,-71.044024,18
25,Talbot Ave At Blue Hill Ave,42.2945833,-71.087111,15
26,Washington St at Talbot Ave,42.290333,-71.071806,17
27,South Boston Library - 646 E Broadway,42.335741,-71.03877,15
28,75 Binney St,42.36550728505653,-71.0801375997653,19
29,Huntington Ave at Mass Art,42.336585554561154,-71.0988699646623,15
30,Curtis Hall - South St at Centre St,42.309054,-71.11543,15
31,Hyde Square - Barbara St at Centre St,42.32176525723952,-71.10984160567114,15
32,Egleston Square - Atherton St at Washington St,42.315692,-71.098634,15
33,Linear Park - Mass. Ave. at Cameron Ave. ,42.397828,-71.130516,19
34,Harrison Ave at Bennet St,42.34942609892521,-71.06209959843909,19
35,Chinatown Gate Plaza,42.351356,-71.059367,19
36,Mugar Way at Beacon St,42.35553628489709,-71.07286870479584,19
37,Tremont St at West St,42.354979,-71.063348,15
38,Washington St at Lenox St,42.3350989929096,-71.07903778553009,15
39,Tremont St at W. Dedham St,42.34254913737952,-71.07421449387857,15
40,191 Beacon St,42.38032335045416,-71.10878612855231,19
41,Farragut Rd at E. 6th St,42.3334,-71.02495,23
42,Dartmouth St at Newbury St,42.35096144421219,-71.07782810926437,17
43,Belgrade Ave at Walworth St,42.28634589486312,-71.13672129828046,15
44,Tremont St at Hamilton Pl,42.35668334969929,-71.06166645884514,19
45,Perry Park,42.37927324600841,-71.10341902831351,19
46,Honan Library,42.36027370454934,-71.12852452327388,15
47,NCAAA - Walnut Ave at Crawford St,42.316902,-71.091946,15
48,84 Cambridgepark Dr,42.3936,-71.143941,27
49,Ames St at Broadway,42.3636929,-71.0875672,18
50,MIT Vassar St,42.35560121327927,-71.10394477844238,53
51,Broadway St at Mt Pleasant St,42.38614141163957,-71.07828140258789,19
52,MLK Blvd at Washington St,42.32143814183195,-71.09126061201096,15
53,MIT Pacific St at Purrington St,42.35957320109044,-71.10129475593567,19
54,Brookline Town Hall,42.33376472623494,-71.12046446660315,15
55,Purchase St at Pearl St,42.354659,-71.053181,19
56,Porter Square Station,42.387995,-71.119084,19
57,Binney St / Sixth St,42.36608797388682,-71.08633603909765,19
58,Harvard Law School at Mass Ave / Jarvis St,42.379011,-71.119945,19
59,Packard Ave at Powderhouse Blvd,42.40449,-71.123413,15
60,Harvard University Gund Hall at Quincy St / Kirkland St,42.376369,-71.114025,15
61,Bowdoin St at Quincy St,42.30785224238503,-71.06512248516083,15
62,MIT Stata Center at Vassar St / Main St,42.3621312344991,-71.09115600585936,35
63,Chinatown T Stop,42.352409,-71.062679,19
64,Harvard University Housing - 115 Putnam Ave at Peabody Terrace,42.366621,-71.114214,15
65,Spaulding Rehabilitation Hospital - Charlestown Navy Yard,42.378338,-71.048927,19
66,Commonwealth Ave At Babcock St,42.35154734791375,-71.12126246094704,15
67,Colleges of the Fenway - Fenway at Avenue Louis Pasteur,42.34011512249236,-71.10061883926392,14
68,Forest Hills,42.300923,-71.114249,40
69,Columbia Rd at Tierney Community Center,42.33023070528729,-71.05060093123029,19
70,Harrison Ave at Mullins Way,42.34521562115022,-71.0638403149278,19
71,Bartlett St at John Elliot Sq,42.3294633,-71.0901582,15
72,Deerfield St at Commonwealth Ave,42.34924376955301,-71.09728209692548,19
73,Mass Ave at Albany St,42.36135837662249,-71.09670273977825,18
74,700 Huron Ave,42.380788172914286,-71.15412890911102,19
75,Harvard University / SEAS Cruft-Pierce Halls at 29 Oxford St,42.377945,-71.116865,17
76,Albany St at E. Brookline St,42.33664795427071,-71.0689445958451,15
77,Sennott Park Broadway at Norfolk Street,42.36860524248197,-71.09930185605663,19
78,Powder House Circle - Nathan Tufts Park,42.400877,-71.116772,14
79,Davis Square,42.396969,-71.123024,25
80,Ames St at Main St,42.3625,-71.08822,19
81,Harvard University Radcliffe Quadrangle at Shepard St / Garden St,42.380287,-71.125107,19
82,Lower Cambridgeport at Magazine St / Riverside Rd,42.357218503176526,-71.1138716340065,19
83,Washington St at Rutland St,42.338514601786,-71.07404083013535,27
84,Kenmore Square,42.348706,-71.097009,26
85,Seaport Hotel - Congress St at Seaport Ln,42.34881026188269,-71.04167744055303,19
86,Brigham Circle - Francis St at Huntington Ave,42.33462893055976,-71.10407917767589,15
87,New Balance - 20 Guest St,42.35732921867706,-71.14673539996147,15
88,Encore,42.39329263225162,-71.0724475979805,15
89,Commonwealth Ave at Kelton St,42.348358628170445,-71.13997217276847,15
90,Ashmont T Stop,42.2856944,-71.0641389,15
91,Mass Ave at Hadley/Walden,42.39120971915856,-71.12260755160605,19
92,Roslindale Village - South St,42.287072,-71.127754,15
93,Mattapan T Stop,42.267902,-71.093641,15
94,Lesley University,42.38674802045056,-71.11901879310608,15
95,30 Dane St,42.38100143038052,-71.10402522613185,15
96,699 Mt Auburn St,42.37500235137831,-71.14871613699506,24
97,Harvard Ave at Brainerd Rd,42.34953016890375,-71.13022770741735,15
98,Gallivan Blvd at Adams St,42.28297567840305,-71.05466698296368,15
99,Dorchester Ave at Gillette Park,42.34404051001636,-71.05737626552582,15
100,Boston Convention and Exhibition Center - Summer St at West Side Dr,42.347763454147454,-71.0453599691391,22
101,Commonwealth Ave at Griggs St,42.34922469338298,-71.13275302578586,15
102,MIT at Mass Ave / Amherst St,42.3581,-71.093198,27
103,Central Square at Mass Ave / Essex St,42.36507,-71.1031,19
104,Brighton Center - Washington St at Cambridge St,42.34894857235593,-71.15027189254761,17
105,Washington St at Brock St,42.3489528466951,-71.16031676530838,15
106,Savin Hill T Stop - S Sydney St at Bay St,42.3106,-71.0539,14
107,University Park,42.36264779118595,-71.10006093978882,19
108,Bunker Hill Community College,42.37408991426522,-71.06905996799469,23
109,Franklin Park Zoo - Franklin Park Rd at Blue Hill Ave,42.303469,-71.085347,14
110,Columbia Rd at Ceylon St,42.309572,-71.0729,15
111,Troy Boston,42.343749,-71.062256,14
112,Park Plaza at Charles St S.,42.35182806892068,-71.06781138111728,19
113,Sydney St at Carson St,42.32039374304257,-71.05355408051764,19
114,Museum of Science,42.36769018024484,-71.07116281986237,19
115,Alewife MBTA at Steel Place,42.39558845716709,-71.14260613918304,19
116,Mt Auburn,42.37478628706384,-71.13320231437683,19
117,Huron Ave At Vassal Lane,42.381650612901176,-71.13426981498378,19
118,Franklin Park - Seaver St at Humboldt Ave,42.309796,-71.092225,15
119,Sidney Research Campus/Erie Street at Waverly,42.35775309465199,-71.10393404960632,19
120,Foss Park,42.39108438146733,-71.09039425849915,15
121,Kendall T,42.3624278429124,-71.08495473861694,23
122,Grove Hall Library - 41 Geneva Ave,42.30791,-71.080952,15
123,Roslindale Village - Washington St,42.28630716010807,-71.12820532182013,15
124,Roxbury YMCA - Warren St at MLK Blvd,42.31787329345602,-71.08243077993393,10
125,Verizon Innovation Hub 10 Ware Street,42.37250864997261,-71.11305356025696,19
126,Third at Binney,42.36544486137399,-71.08277142047882,15
127,Warren St at Chelsea St,42.371848,-71.060292,23
128,Broadway at Lynde St,42.39648358247693,-71.06546759905541,15
129,Edwards Playground - Main St at Eden St,42.378965,-71.068607,19
130,One Memorial Drive,42.361619320766856,-71.0804355052096,19
131,One Kendall Square at Hampshire St / Portland St,42.366277,-71.09169,19
132,JFK/UMass T Stop,42.32033973515723,-71.05118036270142,15
133,Cambridge St - at Columbia St / Webster Ave,42.372969,-71.094445,15
134,Main St at Austin St,42.375603,-71.064608,11
135,Cambridge Main Library at Broadway / Trowbridge St,42.373379,-71.111075,19
136,Longwood Ave at Binney St,42.338629,-71.1065,15
137,B.U. Central - 725 Comm. Ave.,42.350406,-71.108279,11
138,Ruggles T Stop - Columbus Ave at Melnea Cass Blvd,42.33624444796878,-71.08798563480377,26
139,Brighton Mills - 370 Western Ave,42.3615457081725,-71.13776206970215,15
140,HMS/HSPH - Avenue Louis Pasteur at Longwood Ave,42.3374174845973,-71.10286116600037,25
141,Soldiers Field Park - 111 Western Ave,42.36426344063853,-71.1182756971175,15
142,Back Bay T Stop - Dartmouth St at Stuart St,42.34807412317439,-71.07657015323639,18
143,Park Dr at Buswell St,42.347241,-71.105301,15
144,Shawmut T Stop,42.292917,-71.06575,19
145,359 Broadway - Broadway at Fayette Street,42.370803,-71.104412,23
146,Broadway at Beacham St,42.39836059620832,-71.06373842814719,15
147,State Street at Channel Center,42.344137,-71.052608,19
148,Ink Block - Harrison Ave at Herald St,42.345901,-71.063187,27
149,Chelsea St at Vine St,42.40328056972533,-71.04762639859473,15
150,Seaport Blvd at Sleeper St,42.35317809186252,-71.04817356923377,15
151,S Huntington Ave at Heath St,42.32760387040573,-71.11089169979095,15
152,Lansdowne T Stop,42.34734473177431,-71.1001680795016,27
153,Broadway at Maple St,42.410346909767846,-71.05260457852637,13
154,Community Path at Cedar Street,42.39407223665884,-71.11133694648743,15
155,Williams St at Washington St,42.306539,-71.107669,23
156,Broadway at Central St,42.39517150121575,-71.09850591982195,19
157,East Somerville Library (Broadway and Illinois),42.3876281075134,-71.08318716287613,15
158,Assembly Square T,42.39223284004628,-71.07746601104736,15
159,Shawmut Ave at Oak St W,42.34854543411198,-71.06559185315746,15
160,Four Corners - 157 Washington St,42.30412792739016,-71.07929527759552,11
161,Fresh Pond Reservation,42.38267827521855,-71.143478951426,17
162,Main St at Baldwin St,42.380857,-71.070629,19
163,Stuart St at Charles St,42.351146,-71.066289,15
164,Christian Science Plaza - Massachusetts Ave at Westland Ave,42.3436658245146,-71.08582377433777,19
165,Packard's Corner - Commonwealth Ave at Brighton Ave,42.352261,-71.123831,27
166,Main St at Thompson Sq,42.374878467440965,-71.06383498767171,15
167,Commonwealth Ave at Agganis Way,42.35169201885973,-71.11903488636017,15
168,Grove St at Community Path,42.396386809455,-71.12011306006025,15
169,Murphy Skating Rink - 1880 Day Blvd,42.336448,-71.023739,19
170,Washington St at Melnea Cass Blvd,42.332817,-71.081198,19
171,Rindge Avenue - O'Neill Library,42.392766,-71.129042,19
172,Alewife Station at Russell Field,42.396105,-71.139459,23
173,EF - North Point Park,42.369885,-71.069957,23
174,Danehy Park,42.388966,-71.132788,17
175,Kendall Street,42.36356015842989,-71.08216792345047,17
176,Oak Square - 615 Washington St,42.35057,-71.166491,15
177,175 N Harvard St,42.363796,-71.129164,18
178,Somerville City Hall,42.386844,-71.09812,19
179,Central Sq Post Office / Cambridge City Hall at Mass Ave / Pleasant St,42.366426,-71.105495,17
180,Lafayette Square at Mass Ave / Main St / Columbia St,42.36346469304347,-71.10057324171066,15
181,Harvard Square at Mass Ave/ Dunster,42.373268,-71.118579,19
182,One Broadway / Kendall Sq at Main St / 3rd St,42.36224178650923,-71.0831107199192,23
183,Harvard Kennedy School at Bennett St / Eliot St,42.3722168027866,-71.12188071012497,23
184,Stony Brook T Stop,42.316966,-71.104374,19
185,Mass Ave T Station,42.34135615767354,-71.08336953450817,14
186,Charlestown Navy Yard,42.374124549426526,-71.05481199938367,23
187,Bennington St at Constitution Beach,42.385223935870535,-71.01063068965232,17
188,Mattapan Library,42.2773889,-71.09325,15
189,Codman Square Library,42.2873611,-71.071111,17
190,One Brigham Circle,42.33392270136997,-71.10446508982932,15
191,Medford St at Charlestown BCYF,42.380429474494896,-71.06055721676967,19
192,Cross St at Hanover St,42.362811,-71.056067,19
193,Dudley Square - Bolling Building,42.329842993518085,-71.08386572459494,18
194,W Broadway at Dorchester St,42.33595897943309,-71.04622899561036,17
195,Kennedy-Longfellow School 158 Spring St,42.36955297756508,-71.08579014980933,19
196,Discovery Park - 30 Acorn Park Drive,42.39790817368333,-71.14797130814623,23
197,Edgerly Education Center,42.38717463348314,-71.08714388528824,15
198,Stuart St at Berkeley St,42.34954403114251,-71.0724207387284,17
199,Congress St at Boston City Hall,42.36041774637169,-71.05752243543975,23
200,Central Square East Boston,42.37544912547037,-71.03918548682486,15
201,American Legion Hwy at Cummins Hwy,42.278811581565975,-71.11687703062671,15
202,Surface Rd at Summer St,42.35294569782581,-71.05656400803126,26
203,The Dimock Center,42.3193094317828,-71.09639923859504,16
204,Jamaica St at South St,42.3060456272408,-71.11570891001975,19
205,Centre St at W. Roxbury Post Office,42.28633199112775,-71.15344755369732,19
206,Centre St at Parkway YMCA,42.28277901074054,-71.15728851416861,19
207,Spring St at Powell St,42.277484442008216,-71.16341467955863,19
208,Berkshire Street at Cambridge Street,42.37207657915397,-71.08995433905875,19
209,University of Massachusetts Boston - Campus Center,42.31218918475612,-71.03648586203235,19
210,Maverick St at Massport Path,42.36774122306014,-71.0333597474255,15
211,Boston Landing,42.35656092308941,-71.14167537549292,17
212,Sullivan Square,42.38445225635844,-71.07514854529654,19
213,Whittier St Health Center,42.33286288486264,-71.09218861916816,19
214,Hyde Park Ave at Walk Hill St,42.29606704649873,-71.11601199963843,15
215,Charles Circle - Charles St at Cambridge St,42.36079296858265,-71.07118962337152,19
216,700 Commonwealth Ave.,42.34960945333059,-71.10391523698127,16
217,Geiger Gibson Community Health Center,42.31886468217537,-71.04536797860419,19
218,Wilson Square,42.38567578752914,-71.11412136298895,15
219,Glendale Square (Ferry St at Broadway),42.41427294293992,-71.04479655659816,15
220,Brookline Village - Station Street at MBTA,42.33274392304887,-71.11626680949485,18
221,Columbus Ave at W. Canton St,42.34474224772802,-71.07648162175792,19
222,Washington St at Waltham St,42.34157471873748,-71.06890439987183,15
223,Cambridge St at Joy St,42.36125721646537,-71.06528744101524,15
224,Magoun Square at Trum Field,42.39778339961249,-71.10594004465383,14
225,Landmark Center - Brookline Ave at Park Dr,42.34369055719748,-71.10235286881107,15
226,The Overlook at St. Gabriel's,42.34679008347347,-71.14549813806661,18
227,Boylston St at Massachusetts Ave,42.34740620525209,-71.08678414955648,15
228,7 Acre Park,42.41143222973408,-71.06823265090497,15
229,Government Center - Cambridge St at Court St,42.3598253979878,-71.05979576244862,35
230,Coolidge Sq.,42.37207611472287,-71.15683130688922,12
231,Watertown Sq,42.365260317694485,-71.18573324459247,15
232,Graham and Parks School â€“ Linnaean St at Walker St,42.38294430172271,-71.12449831038248,19
233,Smith Pl at Wilson Rd,42.39239749145834,-71.15058331757609,19
234,Gove St at Orleans St,42.37057753242139,-71.03558540113227,19
235,MIT Hayward St at Amherst St,42.36085937353302,-71.08551858007559,27
236,Arsenal Yards,42.36277388549605,-71.15764854490408,15
237,Swan St. Park,42.412504507772105,-71.05842225271772,15
238,Wasgott Playground,42.4093300667225,-71.06381878293178,15
239,Galileo Galilei Way at Main Street,42.363003781560096,-71.08974037706501,19
240,Thorndike Field at Minuteman Bikeway,42.40016804853787,-71.14456963094199,11
241,Kearins Playground,42.40616124132245,-71.06041654944418,11
242,MIT Carleton St at Amherst St,42.36054174140606,-71.08669817447662,27
243,Revere City Hall,42.40741,-71.0139,11
244,Revere Public Library,42.408088,-71.008942,11
245,Community Path at Lowell St,42.392525,-71.105587,19
246,Day Sq,42.379295,-71.027733,16
247,Martha Eliot Health Center,42.324173,-71.10196,16
248,Blue Hill Ave at Havelock St,42.286012,-71.090986,18
249,Harrison Ave at E. Dedham St,42.339194,-71.06975,19
250,Harvard Stadium: N. Harvard St at Soldiers Field Rd,42.368019,-71.1242,15
251,2 Hummingbird Lane at Olmsted Green,42.28887,-71.095003,17
252,Innovation Lab - 125 Western Ave at Batten Way,42.36371276003581,-71.12459778785706,19
253,160 Arsenal,42.36466403441681,-71.17569386959076,11
254,Cary Square,42.398135645582464,-71.030709722545,12
255,Chelsea Square,42.39022671103383,-71.03857017704286,11
256,Broadway at Gerrish Ave,42.39453079292221,-71.03085594484583,11
257,Chelsea Station,42.39636527849676,-71.03987179230899,11
258,855 Broadway,42.398417726101584,-71.02390923402707,11
259,Nichols Ave. at Watertown Greenway,42.36762048745005,-71.1565663665533,12
260,JFK Crossing at Harvard St. / Thorndike St.,42.346551241753566,-71.1283321143128,15
261,Cypress St at Clark Playground,42.32784317478686,-71.1253622174263,15
262,Linwood St at Minuteman Bikeway,42.40935395518158,-71.14906518727366,11
263,Conway Park - Somerville Avenue,42.383638948222654,-71.10853672027588,23
264,Bellingham Square,42.3931961102951,-71.03344559669495,11
265,Inman Square at Springfield St.,42.37426713524931,-71.10026478767395,25
266,Union Square East,42.380078,-71.090098,19
267,955 Mass Ave,42.36895180540729,-71.10998779535294,19
268,Salem MBTA - Washington at Federal St,42.52345239346618,-70.89611113071442,13
269,Mayor Salvo Path at Mill St,42.51803519796769,-70.89570075273514,11
270,Shetland Park - Congress at Peabody St,42.51836788262243,-70.88952362537384,11
271,Lafayette at Leach St,42.51142784358897,-70.89183300733566,11
272,Salem State University - Bike Path at Loring Ave,42.50182398896298,-70.89478075504303,15
273,One Beacon St,42.358477644348106,-71.06135129928589,16
274,Foley St at Grand Union Blvd,42.39301840035393,-71.08071684837341,19
275,Vassal Lane at Tobin/VLUS,42.38536765218425,-71.13775670528412,19
276,Harvard St and Stedman St,42.3443517550051,-71.12490355968475,15
277,High St at Cypress St,42.32464510949409,-71.12135231494904,15
278,Concord Ave at Spinelli Place,42.390719,-71.1538877,19
279,Danehy Park at New Street,42.389456,-71.139019,19
280,Clinton St at North St,42.3607028354884,-71.05524927377701,18
281,Circuit Drive at American Legion Hwy,42.29704126420948,-71.09171926975249,19
282,Walnut Ave at School St,42.31242399029812,-71.09616905450821,19
283,Sumner St at Shirley Ave,42.40833705812975,-70.99804848432541,11
284,Orr Sq (Shirley Ave),42.40715655698643,-70.99272429943085,11
285,Old Morse Park at Putnam Ave,42.35766247889882,-71.1084133386612,15
286,Morton St at Gallivan Blvd,42.278747,-71.080286,15
287,Cleary Sq,42.2556,-71.12444,16
288,606 American Legion Hwy at Canterbury St,42.28578,-71.109725,18
289,555 Metropolitan Ave,42.2681,-71.11924,18
290,Valenti Way at Haverhill St,42.36473898691789,-71.05934903025626,24
291,Somerville High School & Central Library,42.3864,-71.09601,17
292,Marion St at Harvard St,42.34012242696642,-71.12070563810447,15
293,Cambridge Crossing at North First Street,42.371141,-71.076198,23
294,Nashua Street at Red Auerbach Way,42.365673,-71.064263,36
295,Forsyth St at Huntington Ave,42.339202,-71.090511,15
296,Railroad Lot and Minuteman Bikeway,42.41606457115141,-71.15336636682059,11
297,Rogers St & Land Blvd,42.366446738529454,-71.07654601335526,19
298,Hyde Park Library,42.2568376,-71.122509,15
299,Harvard Square at Brattle St / Eliot St,42.373328798874056,-71.12098601080106,15
300,Ross Playground,42.2645666,-71.1145523,19
301,Galileo Galilei Way at Fulkerson St/Binney St,42.3664204,-71.0885418,19
302,Aquarium T Stop - 200 Atlantic Ave,42.35991176110118,-71.0514298081398,23
303,Fan Pier,42.3533905070523,-71.04457139968872,15
304,Lewis Wharf at Atlantic Ave,42.363871,-71.050877,19
305,Seaport Square - Seaport Blvd at Northern Ave,42.35148193460858,-71.04436084628105,23
306,Surface Rd at India St,42.358155,-71.052163,19
307,Rowes Wharf at Atlantic Ave,42.357143,-71.050699,14
308,ID Building West,42.344796,-71.031614,19
309,ID Building East,42.344827,-71.028664,17
310,The Eddy - New St at Sumner St,42.370744,-71.044201,15
311,Watermark Seaport - Boston Wharf Rd at Seaport Blvd,42.351586001198456,-71.04569256305693,15
312,Porzio Park,42.364119035231525,-71.02876782417297,17
313,645 Summer St,42.341780891371904,-71.03987016504107,19
314,Congress St at Northern Ave,42.3481,-71.03764,13
315,St. Alphonsus St at Tremont St,42.33329254719182,-71.10124647617339,17
316,West End Park,42.36590788445084,-71.06446668505669,35
317,Pier 4 Blvd at Autumn Ln,42.3502102,-71.0446705,19
318,Flat 9 at Whittier,42.33420351352245,-71.08767616843123,15
319,Roseland St At Dorchester Ave,42.2911685327193,-71.06300890445709,12
320,Hawthorne Boulevard,42.5223714,-70.8903331,9
321,Silber Way,42.34949599514002,-71.10057592391968,19
322,Child Street at Brian P. Murphy Staircase,42.37197678467975,-71.07200495972165,23
323,Union Square - Somerville,42.37964789967527,-71.09540475672475,19
324,Tremont St at Northampton St,42.338431795290944,-71.08169049924982,19
325,CambridgeSide Galleria - CambridgeSide PL at Land Blvd,42.367074071490926,-71.07679277658461,15
326,Raymond Park at Walden St,42.38736953747185,-71.12761001482795,19
327,Wellington MBTA,42.4023682,-71.07573182424781,19
328,Main Street/Albany Street/Technology Square,42.3629016,-71.0915669,23
329,Gilman Square T at Medford St,42.3867355,-71.0946444,19
330,Shawmut Ave at Lenox St,42.33584612997077,-71.08038157224655,19
331,Hood Park,42.38004534693313,-71.0730457305908,23
332,Salem State University - North Campus,42.503332,-70.891444,11
333,Essex St at Dalton Parkway,42.516223,-70.905535,11
334,Forest River Park,42.506395,-70.88693,11
335,Harvard University River Houses at DeWolfe St / Cowperthwaite St,42.369239074859216,-71.11687034368515,21
336,Salem MBTA - Lower Level,42.523994,-70.89684,11
337,Community Life Center,42.520136,-70.906271,9
338,Goodhue St at Grove St,42.520897,-70.910528,11
339,Tappan St at Brookline Hills MBTA,42.331370168043215,-71.1268836054569,15
340,Main St at Brooks Park,42.411709,-71.110444,11
341,Medford Sq - Riverside Ave at River St,42.417724,-71.108102,11
342,Tufts Sq - Main St at Medford St,42.401697,-71.106128,11
343,Gore Street at Lambert Street,42.373079797934935,-71.08634233665725,19
344,Broad Canal Way at Third Street,42.36304549626695,-71.08287078916874,19
345,Malden Center T Station,42.426541,-71.073179,11
346,Northern Strand at Main St,42.42386,-71.067793,11
347,Gramsdorf Playground,42.408156,-71.0429,14
348,Teele Square,42.40087950159558,-71.12590793383788,15
349,North St at Liberty Hill Ave,42.52989964975891,-70.90614259243011,11
350,Malden High School,42.426537658440544,-71.06393694877625,11
351,Airport T Stop - Bremen St at Brooks St,42.37410287664702,-71.03276431560516,15
352,John Ahern Field at Kennedy-Longfellow School,42.36903566594827,-71.08630959910442,19
353,Everett Square (Broadway at Chelsea St),42.40743489432222,-71.05533242225647,14
354,87-101 Cambridgepark Drive,42.39522187031066,-71.14421904097979,23
355,Broadway T Stop,42.343048583900966,-71.05803430091328,19
356,Boynton Yards at 101 South Street,42.375447604963405,-71.09117388747109,19
357,Washington St at Myrtle St,42.3817508,-71.0839523,15
358,Clarendon Hill at Broadway,42.406302,-71.132446,15
359,Craigie at Summer St,42.38831607584243,-71.1106824874878,19
360,Beacon St at Washington / Kirkland,42.37875351212593,-71.10707223415375,19
361,Somerville City Hall Annex,42.39189811591863,-71.09745375830244,19
362,Elm St at White St,42.38952436305763,-71.11694140364307,19
363,Ball Sq,42.39936816059618,-71.11111521723615,19
364,Somerville Hospital,42.390446216041305,-71.10856622457504,15
365,Piers Park,42.36501119822304,-71.03528559207916,15
366,Glendon St at Condor St,42.38240377674137,-71.03024303913116,19
367,Addison St at Saratoga St,42.38518146513944,-71.0151367,19
368,Marion St at White St,42.38066930871317,-71.03907315999093,19
369,Burlington Ave at Brookline Ave,42.345733,-71.100694,15
370,Western Ave at Richardson St,42.36178741066188,-71.14393111327445,19
371,Washington St at Egremont Rd,42.34286835071959,-71.14127840855872,15
372,Canal St at Causeway St,42.36530094929082,-71.06092190993877,23
373,Broad St at Central St,42.35849449039304,-71.05426469875965,15
374,Blossom St at Charles St,42.36435589027983,-71.0695936904267,15
375,Boston Medical Center - E Concord St at Harrison Ave,42.33639915372498,-71.07306711393903,19
376,Arch St at Franklin St,42.35533501941256,-71.0582291708306,31
377,Uphams Corner,42.31727474327453,-71.06537003967787,15
378,Uphams Corner T Stop - Magnolia St at Dudley St,42.318697341722434,-71.0697814822197,15
379,Walnut Ave at Warren St,42.324081,-71.083235,15
380,Morton St T,42.280725142920296,-71.08617242434775,15
381,Dudley Town Common - Mt Pleasant Ave at Blue Hill Ave,42.325333,-71.075354,15
382,E Cottage St at Columbia Rd,42.320561,-71.06198,19
383,Fields Corner T Stop,42.29963348842063,-71.06068975823291,15
384,Park St at Norwell St,42.29442578670662,-71.07821760713703,15
385,Thetford Ave at Norfolk St,42.286212948246096,-71.07942931372236,15
386,Archdale Rd at Washington St,42.29266592872725,-71.12119538714069,15
387,Northbourne Rd at Hyde Park Ave,42.29118034790426,-71.117736660035,19
388,Mt. Hope St at Hyde Park Ave,42.28484472443536,-71.11874517062459,19
389,American Legion Hwy at Hyde Park Ave,42.27265394101898,-71.119903922081,19
390,Knoll St at Centre St,42.29376656473529,-71.1365658044815,19
391,Bellevue T Stop,42.28611420958351,-71.14636927843094,19
392,Watertown Town Hall,42.36759307632294,-71.18751436471939,11
393,Salem Ferry Landing,42.52189284110247,-70.8806911110878,11
394,Centre St at Washington St,42.35574334805774,-71.18641942508475,11
395,Washington St at Fuller St,42.281986277339136,-71.07147924620222,15
396,Washington St at Crafts St,42.35389024396587,-71.19943707257335,11
397,Washington St at Bowdoin St,42.29916497936589,-71.07345871645519,15
398,Bacon St at Washington St,42.35711920909866,-71.1860453666327,11
399,Nonantum Library,42.36068455768156,-71.20146199598821,15
400,Washington St at Walsh Playground,42.27719469639791,-71.06955613950048,19
401,Ryan Playground - Dorchester Ave at Harbor View St,42.317642,-71.056664,15
402,Adams St at Lonsdale St,42.291679428741226,-71.05726346409938,15
403,Langley Lot,42.330528,-71.192861,11
404,Beacon St at Charles St,42.356052,-71.069849,19
405,Watertown St at Albemarle Rd,42.354104081396585,-71.21382214128971,11
406,Clarendon St at Newbury St,42.35159662465317,-71.0756166279316,19
407,Centre St at Seaverns Ave,42.3121203,-71.1142981,15
408,Newton Highlands T,42.322065656952944,-71.2063729763031,15
409,Boston College T,42.33987891612856,-71.16708934307098,17
410,Hyde Park Ave at Arlington St,42.26286746177123,-71.12163126468657,19
411,Washington St at Denton Terr,42.280728147169015,-71.13423757273267,19
412,Beacon at Walnut,42.330062324403,-71.20668411254883,15
413,Auburndale,42.34805541493346,-71.2477594614029,15
414,California at Chapel,42.365148708129546,-71.20236039161682,12
415,Newton Library,42.33620336883013,-71.207794547081,13
416,Washington St at Walnut St,42.351458116963016,-71.20764970779419,11
417,Blue Hill Ave at Southwood St,42.31786020589988,-71.07798628527235,15
418,Massachusetts Ave at Columbus Ave,42.340814,-71.0816197,14
419,Centre St at Commonwealth Ave,42.3362358,-71.1934421,11
420,Hayes Square - Vine St at Moulton St,42.377022,-71.056605,19
421,Post Office Square,42.35585435522005,-71.05459745998814,19
422,Congress St at Sleeper St,42.351004495946704,-71.04930013418198,19
423,Washington St at Peters Park,42.34303291130257,-71.06688730436872,19
424,Andrew T Stop - Dorchester Ave at Dexter St,42.33073332585453,-71.05699850837482,15
425,Brighton Ave at Linden St,42.3528376,-71.1296752,19
426,Northeastern University - North Parking Lot,42.341814,-71.090179,15
427,Boylston St at Charles St (Temp Winter Location),42.35258524849636,-71.06770277023315,31
428,Mass Ave at Grafton St,42.40726052447951,-71.14382132425817,11
429,Broadway at Grafton St,42.40994213011757,-71.14009319811885,11
430,Mass Ave at Broadway,42.414202132001854,-71.15051883389242,11
431,St Mary's,42.346197076555455,-71.10728681087494,15
432,Washington Sq,42.33985827126298,-71.13421171095978,15
433,Beacon St at Tappan St,42.33826680058037,-71.13894682028331,15
434,Coolidge Corner - Beacon St at Centre St,42.341598,-71.123338,19
435,Boylston St at Berkeley St,42.3511419825475,-71.07329249382019,15
436,Boylston St at Exeter St,42.349589423682445,-71.0794677917329,19
437,Boylston St at Fairfield St,42.348803822833936,-71.08236908912659,19
438,Central Ave at River St,42.27094707029229,-71.07337901405117,15
439,1200 Beacon St,42.34414898749529,-71.11467361450195,15
440,Newbury St at Hereford St,42.348717,-71.085954,22
441,Boylston St at Dartmouth St,42.35019319808638,-71.07744187116623,19
442,Copley Square - Dartmouth St at Boylston St,42.34992828230057,-71.07739206866427,31
